img,lab
Haiti003.png,Haiti003.png
Haiti005.png,Haiti005.png
Haiti008.png,Haiti008.png
Haiti015.png,Haiti015.png
Haiti018.png,Haiti018.png
Haiti028.png,Haiti028.png
Haiti031.png,Haiti031.png
Haiti032.png,Haiti032.png
Haiti037.png,Haiti037.png
Haiti038.png,Haiti038.png
Haiti039.png,Haiti039.png
Haiti057.png,Haiti057.png
Haiti058.png,Haiti058.png
Haiti059.png,Haiti059.png
Haiti060.png,Haiti060.png
Haiti061.png,Haiti061.png
Haiti062.png,Haiti062.png
Haiti063.png,Haiti063.png
Haiti065.png,Haiti065.png
Haiti066.png,Haiti066.png
Haiti067.png,Haiti067.png
Haiti068.png,Haiti068.png
Haiti069.png,Haiti069.png
Haiti070.png,Haiti070.png
Haiti072.png,Haiti072.png
Haiti073.png,Haiti073.png
Haiti075.png,Haiti075.png
Haiti077.png,Haiti077.png
Haiti078.png,Haiti078.png
Haiti079.png,Haiti079.png
Haiti080.png,Haiti080.png
Haiti081.png,Haiti081.png
Haiti086.png,Haiti086.png
Haiti093.png,Haiti093.png
Haiti094.png,Haiti094.png
Haiti096.png,Haiti096.png
Haiti098.png,Haiti098.png
Haiti101.png,Haiti101.png
Haiti107.png,Haiti107.png
Haiti108.png,Haiti108.png
Haiti109.png,Haiti109.png
Haiti110.png,Haiti110.png
Haiti112.png,Haiti112.png
Haiti114.png,Haiti114.png
Haiti115.png,Haiti115.png
Haiti117.png,Haiti117.png
Haiti118.png,Haiti118.png
Haiti120.png,Haiti120.png
Haiti122.png,Haiti122.png
Haiti123.png,Haiti123.png
Haiti125.png,Haiti125.png
Haiti128.png,Haiti128.png
Haiti130.png,Haiti130.png
Haiti131.png,Haiti131.png
Haiti132.png,Haiti132.png
Haiti133.png,Haiti133.png
Haiti134.png,Haiti134.png
Haiti135.png,Haiti135.png
Haiti136.png,Haiti136.png
Haiti137.png,Haiti137.png
Haiti139.png,Haiti139.png
Haiti142.png,Haiti142.png
Haiti148.png,Haiti148.png
Haiti151.png,Haiti151.png
Haiti152.png,Haiti152.png
Haiti155.png,Haiti155.png
Haiti156.png,Haiti156.png
Haiti157.png,Haiti157.png
Haiti158.png,Haiti158.png
Haiti159.png,Haiti159.png
Haiti160.png,Haiti160.png
Haiti161.png,Haiti161.png
Haiti162.png,Haiti162.png
Haiti163.png,Haiti163.png
Haiti165.png,Haiti165.png
Haiti171.png,Haiti171.png
Haiti173.png,Haiti173.png
Haiti174.png,Haiti174.png
Haiti175.png,Haiti175.png
Haiti177.png,Haiti177.png
Haiti179.png,Haiti179.png
Haiti180.png,Haiti180.png
Haiti181.png,Haiti181.png
Haiti182.png,Haiti182.png
Haiti183.png,Haiti183.png
Haiti185.png,Haiti185.png
Haiti188.png,Haiti188.png
Haiti189.png,Haiti189.png
Haiti190.png,Haiti190.png
Haiti193.png,Haiti193.png
Haiti195.png,Haiti195.png
Haiti197.png,Haiti197.png
Haiti200.png,Haiti200.png
Haiti201.png,Haiti201.png
Haiti202.png,Haiti202.png
Haiti203.png,Haiti203.png
Haiti204.png,Haiti204.png
Haiti205.png,Haiti205.png
Haiti207.png,Haiti207.png
Haiti210.png,Haiti210.png
Haiti211.png,Haiti211.png
Haiti212.png,Haiti212.png
Haiti213.png,Haiti213.png
Haiti214.png,Haiti214.png
Haiti215.png,Haiti215.png
Haiti216.png,Haiti216.png
Haiti218.png,Haiti218.png
Haiti219.png,Haiti219.png
Haiti220.png,Haiti220.png
Haiti221.png,Haiti221.png
Haiti222.png,Haiti222.png
Haiti223.png,Haiti223.png
Haiti224.png,Haiti224.png
Haiti227.png,Haiti227.png
Haiti228.png,Haiti228.png
Haiti232.png,Haiti232.png
Haiti233.png,Haiti233.png
Haiti234.png,Haiti234.png
Haiti235.png,Haiti235.png
Haiti236.png,Haiti236.png
Haiti237.png,Haiti237.png
Haiti239.png,Haiti239.png
Haiti240.png,Haiti240.png
Haiti241.png,Haiti241.png
Haiti244.png,Haiti244.png
Haiti248.png,Haiti248.png
Haiti249.png,Haiti249.png
Haiti250.png,Haiti250.png
Haiti251.png,Haiti251.png
Haiti256.png,Haiti256.png
Haiti259.png,Haiti259.png
Haiti261.png,Haiti261.png
Haiti262.png,Haiti262.png
Haiti263.png,Haiti263.png
Haiti264.png,Haiti264.png
Haiti265.png,Haiti265.png
Haiti266.png,Haiti266.png
Haiti269.png,Haiti269.png
Haiti270.png,Haiti270.png
Haiti271.png,Haiti271.png
Haiti272.png,Haiti272.png
Haiti273.png,Haiti273.png
Haiti275.png,Haiti275.png
Haiti280.png,Haiti280.png
Haiti283.png,Haiti283.png
Haiti284.png,Haiti284.png
Haiti285.png,Haiti285.png
Haiti288.png,Haiti288.png
Haiti289.png,Haiti289.png
Haiti294.png,Haiti294.png
Haiti295.png,Haiti295.png
Haiti297.png,Haiti297.png
Haiti298.png,Haiti298.png
Haiti300.png,Haiti300.png
Haiti301.png,Haiti301.png
Haiti307.png,Haiti307.png
Haiti308.png,Haiti308.png
Haiti309.png,Haiti309.png
Haiti311.png,Haiti311.png
Haiti313.png,Haiti313.png
Haiti314.png,Haiti314.png
Haiti315.png,Haiti315.png
Haiti332.png,Haiti332.png
Haiti335.png,Haiti335.png
Haiti337.png,Haiti337.png
Haiti338.png,Haiti338.png
Haiti339.png,Haiti339.png
Haiti340.png,Haiti340.png
Haiti341.png,Haiti341.png
Haiti342.png,Haiti342.png
Haiti343.png,Haiti343.png
Haiti344.png,Haiti344.png
Haiti345.png,Haiti345.png
Haiti346.png,Haiti346.png
Haiti348.png,Haiti348.png
Haiti349.png,Haiti349.png
Haiti350.png,Haiti350.png
Haiti363.png,Haiti363.png
Haiti364.png,Haiti364.png
Haiti366.png,Haiti366.png
Haiti367.png,Haiti367.png
Haiti368.png,Haiti368.png
Haiti369.png,Haiti369.png
Haiti370.png,Haiti370.png
Haiti371.png,Haiti371.png
Haiti372.png,Haiti372.png
Haiti373.png,Haiti373.png
Haiti397.png,Haiti397.png
Haiti398.png,Haiti398.png
Haiti399.png,Haiti399.png
Haiti400.png,Haiti400.png
Haiti403.png,Haiti403.png
Haiti404.png,Haiti404.png
Haiti405.png,Haiti405.png
Haiti406.png,Haiti406.png
Haiti407.png,Haiti407.png
Haiti410.png,Haiti410.png
Haiti411.png,Haiti411.png
Haiti412.png,Haiti412.png
Haiti413.png,Haiti413.png
Haiti418.png,Haiti418.png
Haiti419.png,Haiti419.png
Haiti421.png,Haiti421.png
Haiti423.png,Haiti423.png
Haiti424.png,Haiti424.png
Haiti425.png,Haiti425.png
Haiti427.png,Haiti427.png
Haiti428.png,Haiti428.png
Haiti429.png,Haiti429.png
Haiti430.png,Haiti430.png
Haiti431.png,Haiti431.png
Haiti432.png,Haiti432.png
Haiti433.png,Haiti433.png
Haiti435.png,Haiti435.png
Haiti437.png,Haiti437.png
Haiti451.png,Haiti451.png
Haiti453.png,Haiti453.png
Haiti454.png,Haiti454.png
Haiti455.png,Haiti455.png
Haiti456.png,Haiti456.png
Haiti457.png,Haiti457.png
Haiti458.png,Haiti458.png
Haiti459.png,Haiti459.png
Haiti460.png,Haiti460.png
Haiti463.png,Haiti463.png
Haiti464.png,Haiti464.png
Haiti465.png,Haiti465.png
Haiti466.png,Haiti466.png
Haiti467.png,Haiti467.png
Haiti468.png,Haiti468.png
Haiti469.png,Haiti469.png
Haiti472.png,Haiti472.png
Haiti473.png,Haiti473.png
Haiti474.png,Haiti474.png
Haiti475.png,Haiti475.png
Haiti476.png,Haiti476.png
Haiti477.png,Haiti477.png
Haiti478.png,Haiti478.png
Haiti479.png,Haiti479.png
Haiti481.png,Haiti481.png
Haiti482.png,Haiti482.png
Haiti483.png,Haiti483.png
Haiti484.png,Haiti484.png
Haiti485.png,Haiti485.png
Haiti487.png,Haiti487.png
Haiti489.png,Haiti489.png
Haiti491.png,Haiti491.png
Haiti492.png,Haiti492.png
Haiti502.png,Haiti502.png
Haiti503.png,Haiti503.png
Haiti505.png,Haiti505.png
Haiti508.png,Haiti508.png
Haiti510.png,Haiti510.png
Haiti511.png,Haiti511.png
Haiti513.png,Haiti513.png
Haiti515.png,Haiti515.png
Haiti516.png,Haiti516.png
Haiti517.png,Haiti517.png
Haiti518.png,Haiti518.png
Haiti519.png,Haiti519.png
Haiti520.png,Haiti520.png
Haiti521.png,Haiti521.png
Haiti523.png,Haiti523.png
Haiti525.png,Haiti525.png
Haiti526.png,Haiti526.png
Haiti529.png,Haiti529.png
Haiti530.png,Haiti530.png
Haiti531.png,Haiti531.png
Haiti532.png,Haiti532.png
Haiti535.png,Haiti535.png
Haiti536.png,Haiti536.png
Haiti537.png,Haiti537.png
Haiti540.png,Haiti540.png
Haiti541.png,Haiti541.png
Haiti542.png,Haiti542.png
Haiti545.png,Haiti545.png
Haiti546.png,Haiti546.png
Haiti550.png,Haiti550.png
Haiti551.png,Haiti551.png
Haiti552.png,Haiti552.png
Haiti555.png,Haiti555.png
Haiti556.png,Haiti556.png
Haiti557.png,Haiti557.png
Haiti560.png,Haiti560.png
Haiti561.png,Haiti561.png
Haiti562.png,Haiti562.png
Haiti563.png,Haiti563.png
Haiti565.png,Haiti565.png
Haiti566.png,Haiti566.png
Haiti567.png,Haiti567.png
Haiti568.png,Haiti568.png
Haiti570.png,Haiti570.png
Haiti574.png,Haiti574.png
Haiti575.png,Haiti575.png
Haiti576.png,Haiti576.png
Haiti577.png,Haiti577.png
Haiti578.png,Haiti578.png
Haiti579.png,Haiti579.png
Haiti580.png,Haiti580.png
Haiti582.png,Haiti582.png
Haiti583.png,Haiti583.png
Haiti584.png,Haiti584.png
Haiti590.png,Haiti590.png
Haiti591.png,Haiti591.png
Haiti593.png,Haiti593.png
Haiti595.png,Haiti595.png
Haiti596.png,Haiti596.png
Haiti602.png,Haiti602.png
Haiti604.png,Haiti604.png
Haiti605.png,Haiti605.png
Haiti608.png,Haiti608.png
Haiti609.png,Haiti609.png
Haiti610.png,Haiti610.png
Haiti613.png,Haiti613.png
Haiti615.png,Haiti615.png
Haiti620.png,Haiti620.png
Haiti621.png,Haiti621.png
Haiti623.png,Haiti623.png
Haiti624.png,Haiti624.png
Haiti625.png,Haiti625.png
Haiti626.png,Haiti626.png
Haiti627.png,Haiti627.png
Haiti628.png,Haiti628.png
Haiti629.png,Haiti629.png
Haiti630.png,Haiti630.png
Haiti631.png,Haiti631.png
Haiti632.png,Haiti632.png
Haiti634.png,Haiti634.png
Haiti635.png,Haiti635.png
Haiti637.png,Haiti637.png
Haiti638.png,Haiti638.png
Haiti639.png,Haiti639.png
Haiti640.png,Haiti640.png
Haiti641.png,Haiti641.png
Haiti643.png,Haiti643.png
Haiti644.png,Haiti644.png
Haiti645.png,Haiti645.png
Haiti646.png,Haiti646.png
Haiti648.png,Haiti648.png
Haiti649.png,Haiti649.png
Haiti651.png,Haiti651.png
Haiti652.png,Haiti652.png
Haiti653.png,Haiti653.png
Haiti656.png,Haiti656.png
Haiti657.png,Haiti657.png
Haiti658.png,Haiti658.png
Haiti660.png,Haiti660.png
Haiti661.png,Haiti661.png
Haiti664.png,Haiti664.png
Haiti665.png,Haiti665.png
Haiti666.png,Haiti666.png
Haiti667.png,Haiti667.png
Haiti668.png,Haiti668.png
Haiti669.png,Haiti669.png
Haiti670.png,Haiti670.png
Haiti673.png,Haiti673.png
Haiti674.png,Haiti674.png
Haiti675.png,Haiti675.png
Haiti676.png,Haiti676.png
Haiti677.png,Haiti677.png
Haiti679.png,Haiti679.png
Haiti680.png,Haiti680.png
Haiti681.png,Haiti681.png
Haiti682.png,Haiti682.png
Haiti683.png,Haiti683.png
Haiti684.png,Haiti684.png
Haiti686.png,Haiti686.png
Haiti687.png,Haiti687.png
Haiti688.png,Haiti688.png
Haiti689.png,Haiti689.png
Haiti690.png,Haiti690.png
Haiti692.png,Haiti692.png
Haiti694.png,Haiti694.png
Haiti695.png,Haiti695.png
Haiti696.png,Haiti696.png
Haiti697.png,Haiti697.png
Haiti699.png,Haiti699.png
Haiti703.png,Haiti703.png
Haiti704.png,Haiti704.png
Haiti705.png,Haiti705.png
Haiti708.png,Haiti708.png
Haiti709.png,Haiti709.png
Haiti710.png,Haiti710.png
Haiti711.png,Haiti711.png
Haiti713.png,Haiti713.png
Haiti716.png,Haiti716.png
Haiti717.png,Haiti717.png
Haiti719.png,Haiti719.png
Haiti721.png,Haiti721.png
Haiti722.png,Haiti722.png
Haiti723.png,Haiti723.png
Haiti725.png,Haiti725.png
Haiti726.png,Haiti726.png
Haiti728.png,Haiti728.png
Haiti729.png,Haiti729.png
Haiti730.png,Haiti730.png
Haiti739.png,Haiti739.png
Haiti740.png,Haiti740.png
Haiti745.png,Haiti745.png
Haiti749.png,Haiti749.png
Haiti750.png,Haiti750.png
Haiti752.png,Haiti752.png
Haiti756.png,Haiti756.png
Haiti762.png,Haiti762.png
Haiti764.png,Haiti764.png
Haiti770.png,Haiti770.png
Haiti771.png,Haiti771.png
Haiti773.png,Haiti773.png
Haiti776.png,Haiti776.png
Haiti788.png,Haiti788.png
Haiti793.png,Haiti793.png
Haiti795.png,Haiti795.png
Haiti796.png,Haiti796.png
Haiti801.png,Haiti801.png
Haiti805.png,Haiti805.png
Haiti806.png,Haiti806.png
Haiti807.png,Haiti807.png
Haiti811.png,Haiti811.png
Haiti812.png,Haiti812.png
Haiti815.png,Haiti815.png
Haiti816.png,Haiti816.png
Haiti818.png,Haiti818.png
Haiti819.png,Haiti819.png
Haiti_Planet002.png,Haiti_Planet002.png
Haiti_Planet003.png,Haiti_Planet003.png
Haiti_Planet004.png,Haiti_Planet004.png
Haiti_Planet005.png,Haiti_Planet005.png
Haiti_Planet007.png,Haiti_Planet007.png
Haiti_Planet008.png,Haiti_Planet008.png
Haiti_Planet009.png,Haiti_Planet009.png
Haiti_Planet010.png,Haiti_Planet010.png
Haiti_Planet011.png,Haiti_Planet011.png
Haiti_Planet013.png,Haiti_Planet013.png
Haiti_Planet016.png,Haiti_Planet016.png
Haiti_Planet017.png,Haiti_Planet017.png
Haiti_Planet018.png,Haiti_Planet018.png
Haiti_Planet019.png,Haiti_Planet019.png
Haiti_Planet020.png,Haiti_Planet020.png
Haiti_Planet021.png,Haiti_Planet021.png
Haiti_Planet023.png,Haiti_Planet023.png
Haiti_Planet024.png,Haiti_Planet024.png
Haiti_Planet025.png,Haiti_Planet025.png
Haiti_Planet028.png,Haiti_Planet028.png
Haiti_Planet029.png,Haiti_Planet029.png
Haiti_Planet030.png,Haiti_Planet030.png
Haiti_Planet032.png,Haiti_Planet032.png
Haiti_Planet033.png,Haiti_Planet033.png
Haiti_Planet034.png,Haiti_Planet034.png
Haiti_Planet035.png,Haiti_Planet035.png
Haiti_Planet036.png,Haiti_Planet036.png
Haiti_Planet037.png,Haiti_Planet037.png
Haiti_Planet038.png,Haiti_Planet038.png
Haiti_Planet039.png,Haiti_Planet039.png
Haiti_Planet041.png,Haiti_Planet041.png
Haiti_Planet043.png,Haiti_Planet043.png
Haiti_Planet045.png,Haiti_Planet045.png
Haiti_Planet046.png,Haiti_Planet046.png
Haiti_Planet047.png,Haiti_Planet047.png
Haiti_Planet048.png,Haiti_Planet048.png
Haiti_Planet049.png,Haiti_Planet049.png
Haiti_Planet050.png,Haiti_Planet050.png
Haiti_Planet051.png,Haiti_Planet051.png
Haiti_Planet054.png,Haiti_Planet054.png
Haiti_Planet055.png,Haiti_Planet055.png
Haiti_Planet056.png,Haiti_Planet056.png
Haiti_Planet057.png,Haiti_Planet057.png
Haiti_Planet058.png,Haiti_Planet058.png
Haiti_Planet060.png,Haiti_Planet060.png
Haiti_Planet061.png,Haiti_Planet061.png
Haiti_Planet062.png,Haiti_Planet062.png
Haiti_Planet063.png,Haiti_Planet063.png
Haiti_Planet064.png,Haiti_Planet064.png
Haiti_Planet065.png,Haiti_Planet065.png
Haiti_Planet067.png,Haiti_Planet067.png
Haiti_Planet069.png,Haiti_Planet069.png
Haiti_Planet070.png,Haiti_Planet070.png
Haiti_Planet071.png,Haiti_Planet071.png
Haiti_Planet072.png,Haiti_Planet072.png
Haiti_Planet073.png,Haiti_Planet073.png
Haiti_Planet074.png,Haiti_Planet074.png
Haiti_Planet075.png,Haiti_Planet075.png
Haiti_Planet076.png,Haiti_Planet076.png
Haiti_Planet077.png,Haiti_Planet077.png
Haiti_Planet078.png,Haiti_Planet078.png
Haiti_Planet079.png,Haiti_Planet079.png
Haiti_Planet080.png,Haiti_Planet080.png
Haiti_Planet081.png,Haiti_Planet081.png
Haiti_Planet082.png,Haiti_Planet082.png
Haiti_Planet083.png,Haiti_Planet083.png
Haiti_Planet084.png,Haiti_Planet084.png
Haiti_Planet086.png,Haiti_Planet086.png
Haiti_Planet088.png,Haiti_Planet088.png
Haiti_Planet091.png,Haiti_Planet091.png
Haiti_Planet093.png,Haiti_Planet093.png
Haiti_Planet094.png,Haiti_Planet094.png
Haiti_Planet095.png,Haiti_Planet095.png
Haiti_Planet096.png,Haiti_Planet096.png
Haiti_Planet097.png,Haiti_Planet097.png
Haiti_Planet098.png,Haiti_Planet098.png
Haiti_Planet099.png,Haiti_Planet099.png
Haiti_Planet100.png,Haiti_Planet100.png
Haiti_Planet102.png,Haiti_Planet102.png
Haiti_Planet103.png,Haiti_Planet103.png
Haiti_Planet104.png,Haiti_Planet104.png
Haiti_Planet105.png,Haiti_Planet105.png
Haiti_Planet110.png,Haiti_Planet110.png
Haiti_Planet111.png,Haiti_Planet111.png
Haiti_Planet112.png,Haiti_Planet112.png
Haiti_Planet113.png,Haiti_Planet113.png
Haiti_Planet114.png,Haiti_Planet114.png
Haiti_Planet115.png,Haiti_Planet115.png
Haiti_Planet116.png,Haiti_Planet116.png
Haiti_Planet119.png,Haiti_Planet119.png
Haiti_Planet120.png,Haiti_Planet120.png
Haiti_Planet122.png,Haiti_Planet122.png
Haiti_Planet123.png,Haiti_Planet123.png
Haiti_Planet125.png,Haiti_Planet125.png
Haiti_Planet126.png,Haiti_Planet126.png
Haiti_Planet128.png,Haiti_Planet128.png
Haiti_Planet129.png,Haiti_Planet129.png
Haiti_Planet130.png,Haiti_Planet130.png
Haiti_Planet131.png,Haiti_Planet131.png
Haiti_Planet133.png,Haiti_Planet133.png
Haiti_Planet134.png,Haiti_Planet134.png
Haiti_Planet135.png,Haiti_Planet135.png
Haiti_Planet136.png,Haiti_Planet136.png
Haiti_Planet137.png,Haiti_Planet137.png
Haiti_Planet138.png,Haiti_Planet138.png
Haiti_Planet139.png,Haiti_Planet139.png
Haiti_Planet140.png,Haiti_Planet140.png
Haiti_Planet141.png,Haiti_Planet141.png
Haiti_Planet143.png,Haiti_Planet143.png
Haiti_Planet144.png,Haiti_Planet144.png
Haiti_Planet147.png,Haiti_Planet147.png
Haiti_Planet148.png,Haiti_Planet148.png
Haiti_Planet150.png,Haiti_Planet150.png
Haiti_Planet152.png,Haiti_Planet152.png
Haiti_Planet153.png,Haiti_Planet153.png
Haiti_Planet154.png,Haiti_Planet154.png
Haiti_Planet156.png,Haiti_Planet156.png
Haiti_Planet157.png,Haiti_Planet157.png
Haiti_Planet158.png,Haiti_Planet158.png
Haiti_Planet159.png,Haiti_Planet159.png
Haiti_Planet160.png,Haiti_Planet160.png
Haiti_Planet161.png,Haiti_Planet161.png
Haiti_Planet162.png,Haiti_Planet162.png
Haiti_Planet163.png,Haiti_Planet163.png
Haiti_Planet164.png,Haiti_Planet164.png
Haiti_Planet165.png,Haiti_Planet165.png
Haiti_Planet166.png,Haiti_Planet166.png
Haiti_Planet167.png,Haiti_Planet167.png
Haiti_Planet168.png,Haiti_Planet168.png
Haiti_Planet170.png,Haiti_Planet170.png
Haiti_Planet171.png,Haiti_Planet171.png
Haiti_Planet172.png,Haiti_Planet172.png
Haiti_Planet173.png,Haiti_Planet173.png
Haiti_Planet174.png,Haiti_Planet174.png
Haiti_Planet176.png,Haiti_Planet176.png
Haiti_Planet177.png,Haiti_Planet177.png
Haiti_Planet178.png,Haiti_Planet178.png
Haiti_Planet179.png,Haiti_Planet179.png
Haiti_Planet180.png,Haiti_Planet180.png
Haiti_Planet181.png,Haiti_Planet181.png
Haiti_Planet182.png,Haiti_Planet182.png
Haiti_Planet183.png,Haiti_Planet183.png
Haiti_Planet184.png,Haiti_Planet184.png
Haiti_Planet186.png,Haiti_Planet186.png
Haiti_Planet188.png,Haiti_Planet188.png
Haiti_Planet189.png,Haiti_Planet189.png
Haiti_Planet191.png,Haiti_Planet191.png
Haiti_Planet192.png,Haiti_Planet192.png
Haiti_Planet194.png,Haiti_Planet194.png
Haiti_Planet195.png,Haiti_Planet195.png
Haiti_Planet196.png,Haiti_Planet196.png
Haiti_Planet197.png,Haiti_Planet197.png
Haiti_Planet198.png,Haiti_Planet198.png
Haiti_Planet199.png,Haiti_Planet199.png
Haiti_Planet200.png,Haiti_Planet200.png
Haiti_Planet202.png,Haiti_Planet202.png
Haiti_Planet203.png,Haiti_Planet203.png
Haiti_Planet205.png,Haiti_Planet205.png
Haiti_Planet206.png,Haiti_Planet206.png
Haiti_Planet207.png,Haiti_Planet207.png
Haiti_Planet209.png,Haiti_Planet209.png
Haiti_Planet210.png,Haiti_Planet210.png
Haiti_Planet211.png,Haiti_Planet211.png
Haiti_Planet213.png,Haiti_Planet213.png
Haiti_Planet214.png,Haiti_Planet214.png
Haiti_Planet215.png,Haiti_Planet215.png
Haiti_Planet216.png,Haiti_Planet216.png
Haiti_Planet217.png,Haiti_Planet217.png
Haiti_Planet218.png,Haiti_Planet218.png
Haiti_Planet219.png,Haiti_Planet219.png
Haiti_Planet220.png,Haiti_Planet220.png
Haiti_Planet221.png,Haiti_Planet221.png
Haiti_Planet222.png,Haiti_Planet222.png
Haiti_Planet223.png,Haiti_Planet223.png
Haiti_Planet224.png,Haiti_Planet224.png
Haiti_Planet225.png,Haiti_Planet225.png
Haiti_Planet228.png,Haiti_Planet228.png
Haiti_Planet229.png,Haiti_Planet229.png
Haiti_Planet230.png,Haiti_Planet230.png
Haiti_Planet232.png,Haiti_Planet232.png
Haiti_Planet233.png,Haiti_Planet233.png
Haiti_Planet234.png,Haiti_Planet234.png
Haiti_Planet236.png,Haiti_Planet236.png
Haiti_Planet237.png,Haiti_Planet237.png
Haiti_Planet238.png,Haiti_Planet238.png
Haiti_Planet239.png,Haiti_Planet239.png
Haiti_Planet240.png,Haiti_Planet240.png
Haiti_Planet241.png,Haiti_Planet241.png
Haiti_Planet242.png,Haiti_Planet242.png
Haiti_Planet243.png,Haiti_Planet243.png
Haiti_Planet245.png,Haiti_Planet245.png
Haiti_Planet246.png,Haiti_Planet246.png
Haiti_Planet247.png,Haiti_Planet247.png
Haiti_Planet250.png,Haiti_Planet250.png
Haiti_Planet251.png,Haiti_Planet251.png
Haiti_Planet252.png,Haiti_Planet252.png
Haiti_Planet254.png,Haiti_Planet254.png
Haiti_Planet256.png,Haiti_Planet256.png
Haiti_Planet257.png,Haiti_Planet257.png
Haiti_Planet259.png,Haiti_Planet259.png
Haiti_Planet260.png,Haiti_Planet260.png
Haiti_Planet262.png,Haiti_Planet262.png
Haiti_Planet264.png,Haiti_Planet264.png
Haiti_Planet265.png,Haiti_Planet265.png
Haiti_Planet268.png,Haiti_Planet268.png
Haiti_Planet269.png,Haiti_Planet269.png
Haiti_Planet270.png,Haiti_Planet270.png
Haiti_Planet273.png,Haiti_Planet273.png
Haiti_Planet275.png,Haiti_Planet275.png
Haiti_Planet276.png,Haiti_Planet276.png
Haiti_Planet278.png,Haiti_Planet278.png
Haiti_Planet279.png,Haiti_Planet279.png
Haiti_Planet280.png,Haiti_Planet280.png
Haiti_Planet281.png,Haiti_Planet281.png
Haiti_Planet282.png,Haiti_Planet282.png
Haiti_Planet284.png,Haiti_Planet284.png
Haiti_Planet285.png,Haiti_Planet285.png
Haiti_Planet289.png,Haiti_Planet289.png
Haiti_Planet291.png,Haiti_Planet291.png
Haiti_Planet292.png,Haiti_Planet292.png
Haiti_Planet294.png,Haiti_Planet294.png
Haiti_Planet295.png,Haiti_Planet295.png
Haiti_Planet296.png,Haiti_Planet296.png
Haiti_Planet297.png,Haiti_Planet297.png
Haiti_Planet298.png,Haiti_Planet298.png
Haiti_Planet299.png,Haiti_Planet299.png
Haiti_Planet300.png,Haiti_Planet300.png
Haiti_Planet301.png,Haiti_Planet301.png
Haiti_Planet302.png,Haiti_Planet302.png
Haiti_Planet303.png,Haiti_Planet303.png
Haiti_Planet305.png,Haiti_Planet305.png
Haiti_Planet306.png,Haiti_Planet306.png
Haiti_Planet308.png,Haiti_Planet308.png
Haiti_Planet309.png,Haiti_Planet309.png
Haiti_Planet310.png,Haiti_Planet310.png
Haiti_Planet312.png,Haiti_Planet312.png
Haiti_Planet314.png,Haiti_Planet314.png
Haiti_Planet315.png,Haiti_Planet315.png
Haiti_Planet318.png,Haiti_Planet318.png
Haiti_Planet319.png,Haiti_Planet319.png
Haiti_Planet320.png,Haiti_Planet320.png
Haiti_Planet321.png,Haiti_Planet321.png
Haiti_Planet322.png,Haiti_Planet322.png
Haiti_Planet323.png,Haiti_Planet323.png
Haiti_Planet324.png,Haiti_Planet324.png
Haiti_Planet325.png,Haiti_Planet325.png
Hokkaido0001.png,Hokkaido0001.png
Hokkaido0002.png,Hokkaido0002.png
Hokkaido0003.png,Hokkaido0003.png
Hokkaido0004.png,Hokkaido0004.png
Hokkaido0010.png,Hokkaido0010.png
Hokkaido0011.png,Hokkaido0011.png
Hokkaido0012.png,Hokkaido0012.png
Hokkaido0013.png,Hokkaido0013.png
Hokkaido0015.png,Hokkaido0015.png
Hokkaido0017.png,Hokkaido0017.png
Hokkaido0018.png,Hokkaido0018.png
Hokkaido0021.png,Hokkaido0021.png
Hokkaido0022.png,Hokkaido0022.png
Hokkaido0023.png,Hokkaido0023.png
Hokkaido0024.png,Hokkaido0024.png
Hokkaido0025.png,Hokkaido0025.png
Hokkaido0027.png,Hokkaido0027.png
Hokkaido0028.png,Hokkaido0028.png
Hokkaido0029.png,Hokkaido0029.png
Hokkaido0030.png,Hokkaido0030.png
Hokkaido0031.png,Hokkaido0031.png
Hokkaido0032.png,Hokkaido0032.png
Hokkaido0033.png,Hokkaido0033.png
Hokkaido0034.png,Hokkaido0034.png
Hokkaido0037.png,Hokkaido0037.png
Hokkaido0038.png,Hokkaido0038.png
Hokkaido0039.png,Hokkaido0039.png
Hokkaido0040.png,Hokkaido0040.png
Hokkaido0042.png,Hokkaido0042.png
Hokkaido0043.png,Hokkaido0043.png
Hokkaido0044.png,Hokkaido0044.png
Hokkaido0046.png,Hokkaido0046.png
Hokkaido0047.png,Hokkaido0047.png
Hokkaido0048.png,Hokkaido0048.png
Hokkaido0049.png,Hokkaido0049.png
Hokkaido0050.png,Hokkaido0050.png
Hokkaido0051.png,Hokkaido0051.png
Hokkaido0053.png,Hokkaido0053.png
Hokkaido0055.png,Hokkaido0055.png
Hokkaido0056.png,Hokkaido0056.png
Hokkaido0058.png,Hokkaido0058.png
Hokkaido0059.png,Hokkaido0059.png
Hokkaido0060.png,Hokkaido0060.png
Hokkaido0062.png,Hokkaido0062.png
Hokkaido0064.png,Hokkaido0064.png
Hokkaido0067.png,Hokkaido0067.png
Hokkaido0068.png,Hokkaido0068.png
Hokkaido0071.png,Hokkaido0071.png
Hokkaido0072.png,Hokkaido0072.png
Hokkaido0073.png,Hokkaido0073.png
Hokkaido0076.png,Hokkaido0076.png
Hokkaido0077.png,Hokkaido0077.png
Hokkaido0078.png,Hokkaido0078.png
Hokkaido0079.png,Hokkaido0079.png
Hokkaido0081.png,Hokkaido0081.png
Hokkaido0083.png,Hokkaido0083.png
Hokkaido0084.png,Hokkaido0084.png
Hokkaido0085.png,Hokkaido0085.png
Hokkaido0086.png,Hokkaido0086.png
Hokkaido0087.png,Hokkaido0087.png
Hokkaido0088.png,Hokkaido0088.png
Hokkaido0089.png,Hokkaido0089.png
Hokkaido0092.png,Hokkaido0092.png
Hokkaido0093.png,Hokkaido0093.png
Hokkaido0098.png,Hokkaido0098.png
Hokkaido0099.png,Hokkaido0099.png
Hokkaido0100.png,Hokkaido0100.png
Hokkaido0101.png,Hokkaido0101.png
Hokkaido0102.png,Hokkaido0102.png
Hokkaido0104.png,Hokkaido0104.png
Hokkaido0105.png,Hokkaido0105.png
Hokkaido0106.png,Hokkaido0106.png
Hokkaido0109.png,Hokkaido0109.png
Hokkaido0110.png,Hokkaido0110.png
Hokkaido0111.png,Hokkaido0111.png
Hokkaido0113.png,Hokkaido0113.png
Hokkaido0114.png,Hokkaido0114.png
Hokkaido0115.png,Hokkaido0115.png
Hokkaido0116.png,Hokkaido0116.png
Hokkaido0117.png,Hokkaido0117.png
Hokkaido0118.png,Hokkaido0118.png
Hokkaido0119.png,Hokkaido0119.png
Hokkaido0120.png,Hokkaido0120.png
Hokkaido0122.png,Hokkaido0122.png
Hokkaido0123.png,Hokkaido0123.png
Hokkaido0125.png,Hokkaido0125.png
Hokkaido0126.png,Hokkaido0126.png
Hokkaido0127.png,Hokkaido0127.png
Hokkaido0128.png,Hokkaido0128.png
Hokkaido0131.png,Hokkaido0131.png
Hokkaido0132.png,Hokkaido0132.png
Hokkaido0133.png,Hokkaido0133.png
Hokkaido0134.png,Hokkaido0134.png
Hokkaido0135.png,Hokkaido0135.png
Hokkaido0138.png,Hokkaido0138.png
Hokkaido0139.png,Hokkaido0139.png
Hokkaido0140.png,Hokkaido0140.png
Hokkaido0141.png,Hokkaido0141.png
Hokkaido0142.png,Hokkaido0142.png
Hokkaido0144.png,Hokkaido0144.png
Hokkaido0145.png,Hokkaido0145.png
Hokkaido0146.png,Hokkaido0146.png
Hokkaido0147.png,Hokkaido0147.png
Hokkaido0148.png,Hokkaido0148.png
Hokkaido0149.png,Hokkaido0149.png
Hokkaido0155.png,Hokkaido0155.png
Hokkaido0156.png,Hokkaido0156.png
Hokkaido0157.png,Hokkaido0157.png
Hokkaido0159.png,Hokkaido0159.png
Hokkaido0160.png,Hokkaido0160.png
Hokkaido0162.png,Hokkaido0162.png
Hokkaido0163.png,Hokkaido0163.png
Hokkaido0164.png,Hokkaido0164.png
Hokkaido0165.png,Hokkaido0165.png
Hokkaido0167.png,Hokkaido0167.png
Hokkaido0168.png,Hokkaido0168.png
Hokkaido0169.png,Hokkaido0169.png
Hokkaido0170.png,Hokkaido0170.png
Hokkaido0171.png,Hokkaido0171.png
Hokkaido0175.png,Hokkaido0175.png
Hokkaido0176.png,Hokkaido0176.png
Hokkaido0177.png,Hokkaido0177.png
Hokkaido0180.png,Hokkaido0180.png
Hokkaido0183.png,Hokkaido0183.png
Hokkaido0184.png,Hokkaido0184.png
Hokkaido0185.png,Hokkaido0185.png
Hokkaido0186.png,Hokkaido0186.png
Hokkaido0187.png,Hokkaido0187.png
Hokkaido0188.png,Hokkaido0188.png
Hokkaido0189.png,Hokkaido0189.png
Hokkaido0190.png,Hokkaido0190.png
Hokkaido0192.png,Hokkaido0192.png
Hokkaido0194.png,Hokkaido0194.png
Hokkaido0195.png,Hokkaido0195.png
Hokkaido0197.png,Hokkaido0197.png
Hokkaido0198.png,Hokkaido0198.png
Hokkaido0199.png,Hokkaido0199.png
Hokkaido0201.png,Hokkaido0201.png
Hokkaido0203.png,Hokkaido0203.png
Hokkaido0204.png,Hokkaido0204.png
Hokkaido0205.png,Hokkaido0205.png
Hokkaido0206.png,Hokkaido0206.png
Hokkaido0207.png,Hokkaido0207.png
Hokkaido0209.png,Hokkaido0209.png
Hokkaido0210.png,Hokkaido0210.png
Hokkaido0211.png,Hokkaido0211.png
Hokkaido0212.png,Hokkaido0212.png
Hokkaido0213.png,Hokkaido0213.png
Hokkaido0214.png,Hokkaido0214.png
Hokkaido0215.png,Hokkaido0215.png
Hokkaido0216.png,Hokkaido0216.png
Hokkaido0217.png,Hokkaido0217.png
Hokkaido0218.png,Hokkaido0218.png
Hokkaido0219.png,Hokkaido0219.png
Hokkaido0220.png,Hokkaido0220.png
Hokkaido0221.png,Hokkaido0221.png
Hokkaido0224.png,Hokkaido0224.png
Hokkaido0225.png,Hokkaido0225.png
Hokkaido0226.png,Hokkaido0226.png
Hokkaido0227.png,Hokkaido0227.png
Hokkaido0229.png,Hokkaido0229.png
Hokkaido0230.png,Hokkaido0230.png
Hokkaido0231.png,Hokkaido0231.png
Hokkaido0232.png,Hokkaido0232.png
Hokkaido0233.png,Hokkaido0233.png
Hokkaido0235.png,Hokkaido0235.png
Hokkaido0236.png,Hokkaido0236.png
Hokkaido0238.png,Hokkaido0238.png
Hokkaido0239.png,Hokkaido0239.png
Hokkaido0240.png,Hokkaido0240.png
Hokkaido0241.png,Hokkaido0241.png
Hokkaido0242.png,Hokkaido0242.png
Hokkaido0243.png,Hokkaido0243.png
Hokkaido0244.png,Hokkaido0244.png
Hokkaido0248.png,Hokkaido0248.png
Hokkaido0250.png,Hokkaido0250.png
Hokkaido0251.png,Hokkaido0251.png
Hokkaido0252.png,Hokkaido0252.png
Hokkaido0253.png,Hokkaido0253.png
Hokkaido0254.png,Hokkaido0254.png
Hokkaido0256.png,Hokkaido0256.png
Hokkaido0257.png,Hokkaido0257.png
Hokkaido0259.png,Hokkaido0259.png
Hokkaido0260.png,Hokkaido0260.png
Hokkaido0261.png,Hokkaido0261.png
Hokkaido0263.png,Hokkaido0263.png
Hokkaido0266.png,Hokkaido0266.png
Hokkaido0269.png,Hokkaido0269.png
Hokkaido0270.png,Hokkaido0270.png
Hokkaido0271.png,Hokkaido0271.png
Hokkaido0272.png,Hokkaido0272.png
Hokkaido0273.png,Hokkaido0273.png
Hokkaido0276.png,Hokkaido0276.png
Hokkaido0280.png,Hokkaido0280.png
Hokkaido0281.png,Hokkaido0281.png
Hokkaido0282.png,Hokkaido0282.png
Hokkaido0283.png,Hokkaido0283.png
Hokkaido0284.png,Hokkaido0284.png
Hokkaido0286.png,Hokkaido0286.png
Hokkaido0289.png,Hokkaido0289.png
Hokkaido0291.png,Hokkaido0291.png
Hokkaido0292.png,Hokkaido0292.png
Hokkaido0294.png,Hokkaido0294.png
Hokkaido0295.png,Hokkaido0295.png
Hokkaido0297.png,Hokkaido0297.png
Hokkaido0298.png,Hokkaido0298.png
Hokkaido0299.png,Hokkaido0299.png
Hokkaido0302.png,Hokkaido0302.png
Hokkaido0303.png,Hokkaido0303.png
Hokkaido0307.png,Hokkaido0307.png
Hokkaido0308.png,Hokkaido0308.png
Hokkaido0310.png,Hokkaido0310.png
Hokkaido0311.png,Hokkaido0311.png
Hokkaido0312.png,Hokkaido0312.png
Hokkaido0314.png,Hokkaido0314.png
Hokkaido0315.png,Hokkaido0315.png
Hokkaido0316.png,Hokkaido0316.png
Hokkaido0319.png,Hokkaido0319.png
Hokkaido0320.png,Hokkaido0320.png
Hokkaido0321.png,Hokkaido0321.png
Hokkaido0323.png,Hokkaido0323.png
Hokkaido0324.png,Hokkaido0324.png
Hokkaido0325.png,Hokkaido0325.png
Hokkaido0326.png,Hokkaido0326.png
Hokkaido0327.png,Hokkaido0327.png
Hokkaido0331.png,Hokkaido0331.png
Hokkaido0332.png,Hokkaido0332.png
Hokkaido0333.png,Hokkaido0333.png
Hokkaido0334.png,Hokkaido0334.png
Hokkaido0339.png,Hokkaido0339.png
Hokkaido0340.png,Hokkaido0340.png
Hokkaido0341.png,Hokkaido0341.png
Hokkaido0343.png,Hokkaido0343.png
Hokkaido0345.png,Hokkaido0345.png
Hokkaido0346.png,Hokkaido0346.png
Hokkaido0347.png,Hokkaido0347.png
Hokkaido0349.png,Hokkaido0349.png
Hokkaido0351.png,Hokkaido0351.png
Hokkaido0354.png,Hokkaido0354.png
Hokkaido0355.png,Hokkaido0355.png
Hokkaido0358.png,Hokkaido0358.png
Hokkaido0359.png,Hokkaido0359.png
Hokkaido0361.png,Hokkaido0361.png
Hokkaido0362.png,Hokkaido0362.png
Hokkaido0364.png,Hokkaido0364.png
Hokkaido0365.png,Hokkaido0365.png
Hokkaido0366.png,Hokkaido0366.png
Hokkaido0367.png,Hokkaido0367.png
Hokkaido0368.png,Hokkaido0368.png
Hokkaido0369.png,Hokkaido0369.png
Hokkaido0370.png,Hokkaido0370.png
Hokkaido0372.png,Hokkaido0372.png
Hokkaido0373.png,Hokkaido0373.png
Hokkaido0374.png,Hokkaido0374.png
Hokkaido0375.png,Hokkaido0375.png
Hokkaido0376.png,Hokkaido0376.png
Hokkaido0379.png,Hokkaido0379.png
Hokkaido0380.png,Hokkaido0380.png
Hokkaido0381.png,Hokkaido0381.png
Hokkaido0383.png,Hokkaido0383.png
Hokkaido0384.png,Hokkaido0384.png
Hokkaido0386.png,Hokkaido0386.png
Hokkaido0387.png,Hokkaido0387.png
Hokkaido0389.png,Hokkaido0389.png
Hokkaido0391.png,Hokkaido0391.png
Hokkaido0392.png,Hokkaido0392.png
Hokkaido0394.png,Hokkaido0394.png
Hokkaido0395.png,Hokkaido0395.png
Hokkaido0396.png,Hokkaido0396.png
Hokkaido0397.png,Hokkaido0397.png
Hokkaido0399.png,Hokkaido0399.png
Hokkaido0400.png,Hokkaido0400.png
Hokkaido0401.png,Hokkaido0401.png
Hokkaido0402.png,Hokkaido0402.png
Hokkaido0403.png,Hokkaido0403.png
Hokkaido0404.png,Hokkaido0404.png
Hokkaido0405.png,Hokkaido0405.png
Hokkaido0407.png,Hokkaido0407.png
Hokkaido0412.png,Hokkaido0412.png
Hokkaido0414.png,Hokkaido0414.png
Hokkaido0415.png,Hokkaido0415.png
Hokkaido0417.png,Hokkaido0417.png
Hokkaido0418.png,Hokkaido0418.png
Hokkaido0421.png,Hokkaido0421.png
Hokkaido0422.png,Hokkaido0422.png
Hokkaido0423.png,Hokkaido0423.png
Hokkaido0424.png,Hokkaido0424.png
Hokkaido0426.png,Hokkaido0426.png
Hokkaido0427.png,Hokkaido0427.png
Hokkaido0428.png,Hokkaido0428.png
Hokkaido0429.png,Hokkaido0429.png
Hokkaido0430.png,Hokkaido0430.png
Hokkaido0431.png,Hokkaido0431.png
Hokkaido0433.png,Hokkaido0433.png
Hokkaido0438.png,Hokkaido0438.png
Hokkaido0439.png,Hokkaido0439.png
Hokkaido0440.png,Hokkaido0440.png
Hokkaido0441.png,Hokkaido0441.png
Hokkaido0442.png,Hokkaido0442.png
Hokkaido0443.png,Hokkaido0443.png
Hokkaido0444.png,Hokkaido0444.png
Hokkaido0445.png,Hokkaido0445.png
Hokkaido0446.png,Hokkaido0446.png
Hokkaido0447.png,Hokkaido0447.png
Hokkaido0448.png,Hokkaido0448.png
Hokkaido0449.png,Hokkaido0449.png
Hokkaido0450.png,Hokkaido0450.png
Hokkaido0451.png,Hokkaido0451.png
Hokkaido0453.png,Hokkaido0453.png
Hokkaido0455.png,Hokkaido0455.png
Hokkaido0457.png,Hokkaido0457.png
Hokkaido0458.png,Hokkaido0458.png
Hokkaido0459.png,Hokkaido0459.png
Hokkaido0462.png,Hokkaido0462.png
Hokkaido0463.png,Hokkaido0463.png
Hokkaido0464.png,Hokkaido0464.png
Hokkaido0465.png,Hokkaido0465.png
Hokkaido0466.png,Hokkaido0466.png
Hokkaido0467.png,Hokkaido0467.png
Hokkaido0468.png,Hokkaido0468.png
Hokkaido0469.png,Hokkaido0469.png
Hokkaido0470.png,Hokkaido0470.png
Hokkaido0472.png,Hokkaido0472.png
Hokkaido0473.png,Hokkaido0473.png
Hokkaido0474.png,Hokkaido0474.png
Hokkaido0479.png,Hokkaido0479.png
Hokkaido0481.png,Hokkaido0481.png
Hokkaido0482.png,Hokkaido0482.png
Hokkaido0483.png,Hokkaido0483.png
Hokkaido0484.png,Hokkaido0484.png
Hokkaido0486.png,Hokkaido0486.png
Hokkaido0488.png,Hokkaido0488.png
Hokkaido0489.png,Hokkaido0489.png
Hokkaido0490.png,Hokkaido0490.png
Hokkaido0491.png,Hokkaido0491.png
Hokkaido0494.png,Hokkaido0494.png
Hokkaido0495.png,Hokkaido0495.png
Hokkaido0496.png,Hokkaido0496.png
Hokkaido0497.png,Hokkaido0497.png
Hokkaido0498.png,Hokkaido0498.png
Hokkaido0500.png,Hokkaido0500.png
Hokkaido0503.png,Hokkaido0503.png
Hokkaido0504.png,Hokkaido0504.png
Hokkaido0507.png,Hokkaido0507.png
Hokkaido0508.png,Hokkaido0508.png
Hokkaido0509.png,Hokkaido0509.png
Hokkaido0510.png,Hokkaido0510.png
Hokkaido0511.png,Hokkaido0511.png
Hokkaido0512.png,Hokkaido0512.png
Hokkaido0513.png,Hokkaido0513.png
Hokkaido0514.png,Hokkaido0514.png
Hokkaido0515.png,Hokkaido0515.png
Hokkaido0516.png,Hokkaido0516.png
Hokkaido0517.png,Hokkaido0517.png
Hokkaido0520.png,Hokkaido0520.png
Hokkaido0521.png,Hokkaido0521.png
Hokkaido0522.png,Hokkaido0522.png
Hokkaido0523.png,Hokkaido0523.png
Hokkaido0524.png,Hokkaido0524.png
Hokkaido0526.png,Hokkaido0526.png
Hokkaido0527.png,Hokkaido0527.png
Hokkaido0528.png,Hokkaido0528.png
Hokkaido0530.png,Hokkaido0530.png
Hokkaido0533.png,Hokkaido0533.png
Hokkaido0534.png,Hokkaido0534.png
Hokkaido0535.png,Hokkaido0535.png
Hokkaido0536.png,Hokkaido0536.png
Hokkaido0537.png,Hokkaido0537.png
Hokkaido0538.png,Hokkaido0538.png
Hokkaido0541.png,Hokkaido0541.png
Hokkaido0542.png,Hokkaido0542.png
Hokkaido0543.png,Hokkaido0543.png
Hokkaido0544.png,Hokkaido0544.png
Hokkaido0545.png,Hokkaido0545.png
Hokkaido0546.png,Hokkaido0546.png
Hokkaido0549.png,Hokkaido0549.png
Hokkaido0552.png,Hokkaido0552.png
Hokkaido0553.png,Hokkaido0553.png
Hokkaido0556.png,Hokkaido0556.png
Hokkaido0557.png,Hokkaido0557.png
Hokkaido0558.png,Hokkaido0558.png
Hokkaido0561.png,Hokkaido0561.png
Hokkaido0563.png,Hokkaido0563.png
Hokkaido0565.png,Hokkaido0565.png
Hokkaido0567.png,Hokkaido0567.png
Hokkaido0568.png,Hokkaido0568.png
Hokkaido0569.png,Hokkaido0569.png
Hokkaido0570.png,Hokkaido0570.png
Hokkaido0571.png,Hokkaido0571.png
Hokkaido0572.png,Hokkaido0572.png
Hokkaido0574.png,Hokkaido0574.png
Hokkaido0575.png,Hokkaido0575.png
Hokkaido0576.png,Hokkaido0576.png
Hokkaido0577.png,Hokkaido0577.png
Hokkaido0578.png,Hokkaido0578.png
Hokkaido0579.png,Hokkaido0579.png
Hokkaido0581.png,Hokkaido0581.png
Hokkaido0584.png,Hokkaido0584.png
Hokkaido0585.png,Hokkaido0585.png
Hokkaido0587.png,Hokkaido0587.png
Hokkaido0589.png,Hokkaido0589.png
Hokkaido0590.png,Hokkaido0590.png
Hokkaido0591.png,Hokkaido0591.png
Hokkaido0592.png,Hokkaido0592.png
Hokkaido0596.png,Hokkaido0596.png
Hokkaido0597.png,Hokkaido0597.png
Hokkaido0598.png,Hokkaido0598.png
Hokkaido0599.png,Hokkaido0599.png
Hokkaido0600.png,Hokkaido0600.png
Hokkaido0601.png,Hokkaido0601.png
Hokkaido0602.png,Hokkaido0602.png
Hokkaido0603.png,Hokkaido0603.png
Hokkaido0604.png,Hokkaido0604.png
Hokkaido0610.png,Hokkaido0610.png
Hokkaido0611.png,Hokkaido0611.png
Hokkaido0614.png,Hokkaido0614.png
Hokkaido0615.png,Hokkaido0615.png
Hokkaido0616.png,Hokkaido0616.png
Hokkaido0620.png,Hokkaido0620.png
Hokkaido0621.png,Hokkaido0621.png
Hokkaido0624.png,Hokkaido0624.png
Hokkaido0626.png,Hokkaido0626.png
Hokkaido0628.png,Hokkaido0628.png
Hokkaido0629.png,Hokkaido0629.png
Hokkaido0630.png,Hokkaido0630.png
Hokkaido0631.png,Hokkaido0631.png
Hokkaido0632.png,Hokkaido0632.png
Hokkaido0634.png,Hokkaido0634.png
Hokkaido0636.png,Hokkaido0636.png
Hokkaido0637.png,Hokkaido0637.png
Hokkaido0638.png,Hokkaido0638.png
Hokkaido0639.png,Hokkaido0639.png
Hokkaido0640.png,Hokkaido0640.png
Hokkaido0641.png,Hokkaido0641.png
Hokkaido0643.png,Hokkaido0643.png
Hokkaido0644.png,Hokkaido0644.png
Hokkaido0645.png,Hokkaido0645.png
Hokkaido0648.png,Hokkaido0648.png
Hokkaido0650.png,Hokkaido0650.png
Hokkaido0652.png,Hokkaido0652.png
Hokkaido0654.png,Hokkaido0654.png
Hokkaido0655.png,Hokkaido0655.png
Hokkaido0657.png,Hokkaido0657.png
Hokkaido0658.png,Hokkaido0658.png
Hokkaido0659.png,Hokkaido0659.png
Hokkaido0660.png,Hokkaido0660.png
Hokkaido0661.png,Hokkaido0661.png
Hokkaido0662.png,Hokkaido0662.png
Hokkaido0663.png,Hokkaido0663.png
Hokkaido0665.png,Hokkaido0665.png
Hokkaido0666.png,Hokkaido0666.png
Hokkaido0667.png,Hokkaido0667.png
Hokkaido0668.png,Hokkaido0668.png
Hokkaido0669.png,Hokkaido0669.png
Hokkaido0670.png,Hokkaido0670.png
Hokkaido0672.png,Hokkaido0672.png
Hokkaido0673.png,Hokkaido0673.png
Hokkaido0675.png,Hokkaido0675.png
Hokkaido0677.png,Hokkaido0677.png
Hokkaido0678.png,Hokkaido0678.png
Hokkaido0681.png,Hokkaido0681.png
Hokkaido0682.png,Hokkaido0682.png
Hokkaido0683.png,Hokkaido0683.png
Hokkaido0686.png,Hokkaido0686.png
Hokkaido0688.png,Hokkaido0688.png
Hokkaido0689.png,Hokkaido0689.png
Hokkaido0691.png,Hokkaido0691.png
Hokkaido0692.png,Hokkaido0692.png
Hokkaido0696.png,Hokkaido0696.png
Hokkaido0697.png,Hokkaido0697.png
Hokkaido0698.png,Hokkaido0698.png
Hokkaido0700.png,Hokkaido0700.png
Hokkaido0701.png,Hokkaido0701.png
Hokkaido0703.png,Hokkaido0703.png
Hokkaido0704.png,Hokkaido0704.png
Hokkaido0705.png,Hokkaido0705.png
Hokkaido0707.png,Hokkaido0707.png
Hokkaido0708.png,Hokkaido0708.png
Hokkaido0709.png,Hokkaido0709.png
Hokkaido0710.png,Hokkaido0710.png
Hokkaido0712.png,Hokkaido0712.png
Hokkaido0713.png,Hokkaido0713.png
Hokkaido0714.png,Hokkaido0714.png
Hokkaido0715.png,Hokkaido0715.png
Hokkaido0716.png,Hokkaido0716.png
Hokkaido0718.png,Hokkaido0718.png
Hokkaido0719.png,Hokkaido0719.png
Hokkaido0720.png,Hokkaido0720.png
Hokkaido0721.png,Hokkaido0721.png
Hokkaido0722.png,Hokkaido0722.png
Hokkaido0723.png,Hokkaido0723.png
Hokkaido0724.png,Hokkaido0724.png
Hokkaido0725.png,Hokkaido0725.png
Hokkaido0726.png,Hokkaido0726.png
Hokkaido0727.png,Hokkaido0727.png
Hokkaido0728.png,Hokkaido0728.png
Hokkaido0730.png,Hokkaido0730.png
Hokkaido0731.png,Hokkaido0731.png
Hokkaido0732.png,Hokkaido0732.png
Hokkaido0733.png,Hokkaido0733.png
Hokkaido0735.png,Hokkaido0735.png
Hokkaido0736.png,Hokkaido0736.png
Hokkaido0737.png,Hokkaido0737.png
Hokkaido0738.png,Hokkaido0738.png
Hokkaido0739.png,Hokkaido0739.png
Hokkaido0740.png,Hokkaido0740.png
Hokkaido0741.png,Hokkaido0741.png
Hokkaido0743.png,Hokkaido0743.png
Hokkaido0744.png,Hokkaido0744.png
Hokkaido0745.png,Hokkaido0745.png
Hokkaido0747.png,Hokkaido0747.png
Hokkaido0748.png,Hokkaido0748.png
Hokkaido0749.png,Hokkaido0749.png
Hokkaido0750.png,Hokkaido0750.png
Hokkaido0752.png,Hokkaido0752.png
Hokkaido0753.png,Hokkaido0753.png
Hokkaido0755.png,Hokkaido0755.png
Hokkaido0758.png,Hokkaido0758.png
Hokkaido0760.png,Hokkaido0760.png
Hokkaido0762.png,Hokkaido0762.png
Hokkaido0764.png,Hokkaido0764.png
Hokkaido0766.png,Hokkaido0766.png
Hokkaido0767.png,Hokkaido0767.png
Hokkaido0770.png,Hokkaido0770.png
Hokkaido0771.png,Hokkaido0771.png
Hokkaido0774.png,Hokkaido0774.png
Hokkaido0776.png,Hokkaido0776.png
Hokkaido0778.png,Hokkaido0778.png
Hokkaido0779.png,Hokkaido0779.png
Hokkaido0780.png,Hokkaido0780.png
Hokkaido0781.png,Hokkaido0781.png
Hokkaido0782.png,Hokkaido0782.png
Hokkaido0784.png,Hokkaido0784.png
Hokkaido0785.png,Hokkaido0785.png
Hokkaido0786.png,Hokkaido0786.png
Hokkaido0788.png,Hokkaido0788.png
Hokkaido0789.png,Hokkaido0789.png
Hokkaido0790.png,Hokkaido0790.png
Hokkaido0793.png,Hokkaido0793.png
Hokkaido0794.png,Hokkaido0794.png
Hokkaido0795.png,Hokkaido0795.png
Hokkaido0797.png,Hokkaido0797.png
Hokkaido0798.png,Hokkaido0798.png
Hokkaido0799.png,Hokkaido0799.png
Hokkaido0800.png,Hokkaido0800.png
Hokkaido0801.png,Hokkaido0801.png
Hokkaido0802.png,Hokkaido0802.png
Hokkaido0803.png,Hokkaido0803.png
Hokkaido0804.png,Hokkaido0804.png
Hokkaido0806.png,Hokkaido0806.png
Hokkaido0807.png,Hokkaido0807.png
Hokkaido0808.png,Hokkaido0808.png
Hokkaido0810.png,Hokkaido0810.png
Hokkaido0812.png,Hokkaido0812.png
Hokkaido0814.png,Hokkaido0814.png
Hokkaido0815.png,Hokkaido0815.png
Hokkaido0816.png,Hokkaido0816.png
Hokkaido0817.png,Hokkaido0817.png
Hokkaido0820.png,Hokkaido0820.png
Hokkaido0821.png,Hokkaido0821.png
Hokkaido0822.png,Hokkaido0822.png
Hokkaido0823.png,Hokkaido0823.png
Hokkaido0824.png,Hokkaido0824.png
Hokkaido0825.png,Hokkaido0825.png
Hokkaido0826.png,Hokkaido0826.png
Hokkaido0827.png,Hokkaido0827.png
Hokkaido0828.png,Hokkaido0828.png
Hokkaido0829.png,Hokkaido0829.png
Hokkaido0831.png,Hokkaido0831.png
Hokkaido0832.png,Hokkaido0832.png
Hokkaido0833.png,Hokkaido0833.png
Hokkaido0834.png,Hokkaido0834.png
Hokkaido0835.png,Hokkaido0835.png
Hokkaido0836.png,Hokkaido0836.png
Hokkaido0837.png,Hokkaido0837.png
Hokkaido0838.png,Hokkaido0838.png
Hokkaido0839.png,Hokkaido0839.png
Hokkaido0840.png,Hokkaido0840.png
Hokkaido0841.png,Hokkaido0841.png
Hokkaido0843.png,Hokkaido0843.png
Hokkaido0844.png,Hokkaido0844.png
Hokkaido0845.png,Hokkaido0845.png
Hokkaido0846.png,Hokkaido0846.png
Hokkaido0847.png,Hokkaido0847.png
Hokkaido0848.png,Hokkaido0848.png
Hokkaido0850.png,Hokkaido0850.png
Hokkaido0853.png,Hokkaido0853.png
Hokkaido0857.png,Hokkaido0857.png
Hokkaido0860.png,Hokkaido0860.png
Hokkaido0861.png,Hokkaido0861.png
Hokkaido0862.png,Hokkaido0862.png
Hokkaido0863.png,Hokkaido0863.png
Hokkaido0864.png,Hokkaido0864.png
Hokkaido0867.png,Hokkaido0867.png
Hokkaido0868.png,Hokkaido0868.png
Hokkaido0869.png,Hokkaido0869.png
Hokkaido0870.png,Hokkaido0870.png
Hokkaido0871.png,Hokkaido0871.png
Hokkaido0872.png,Hokkaido0872.png
Hokkaido0873.png,Hokkaido0873.png
Hokkaido0876.png,Hokkaido0876.png
Hokkaido0878.png,Hokkaido0878.png
Hokkaido0879.png,Hokkaido0879.png
Hokkaido0880.png,Hokkaido0880.png
Hokkaido0881.png,Hokkaido0881.png
Hokkaido0882.png,Hokkaido0882.png
Hokkaido0884.png,Hokkaido0884.png
Hokkaido0885.png,Hokkaido0885.png
Hokkaido0886.png,Hokkaido0886.png
Hokkaido0887.png,Hokkaido0887.png
Hokkaido0888.png,Hokkaido0888.png
Hokkaido0889.png,Hokkaido0889.png
Hokkaido0890.png,Hokkaido0890.png
Hokkaido0891.png,Hokkaido0891.png
Hokkaido0892.png,Hokkaido0892.png
Hokkaido0893.png,Hokkaido0893.png
Hokkaido0894.png,Hokkaido0894.png
Hokkaido0895.png,Hokkaido0895.png
Hokkaido0896.png,Hokkaido0896.png
Hokkaido0898.png,Hokkaido0898.png
Hokkaido0901.png,Hokkaido0901.png
Hokkaido0902.png,Hokkaido0902.png
Hokkaido0906.png,Hokkaido0906.png
Hokkaido0907.png,Hokkaido0907.png
Hokkaido0909.png,Hokkaido0909.png
Hokkaido0911.png,Hokkaido0911.png
Hokkaido0912.png,Hokkaido0912.png
Hokkaido0913.png,Hokkaido0913.png
Hokkaido0914.png,Hokkaido0914.png
Hokkaido0916.png,Hokkaido0916.png
Hokkaido0917.png,Hokkaido0917.png
Hokkaido0918.png,Hokkaido0918.png
Hokkaido0919.png,Hokkaido0919.png
Hokkaido0920.png,Hokkaido0920.png
Hokkaido0921.png,Hokkaido0921.png
Hokkaido0923.png,Hokkaido0923.png
Hokkaido0925.png,Hokkaido0925.png
Hokkaido0926.png,Hokkaido0926.png
Hokkaido0927.png,Hokkaido0927.png
Hokkaido0928.png,Hokkaido0928.png
Hokkaido0929.png,Hokkaido0929.png
Hokkaido0934.png,Hokkaido0934.png
Hokkaido0935.png,Hokkaido0935.png
Hokkaido0936.png,Hokkaido0936.png
Hokkaido0937.png,Hokkaido0937.png
Hokkaido0938.png,Hokkaido0938.png
Hokkaido0942.png,Hokkaido0942.png
Hokkaido0944.png,Hokkaido0944.png
Hokkaido0945.png,Hokkaido0945.png
Hokkaido0947.png,Hokkaido0947.png
Hokkaido0948.png,Hokkaido0948.png
Hokkaido0951.png,Hokkaido0951.png
Hokkaido0953.png,Hokkaido0953.png
Hokkaido0954.png,Hokkaido0954.png
Hokkaido0955.png,Hokkaido0955.png
Hokkaido0957.png,Hokkaido0957.png
Hokkaido0958.png,Hokkaido0958.png
Hokkaido0960.png,Hokkaido0960.png
Hokkaido0961.png,Hokkaido0961.png
Hokkaido0963.png,Hokkaido0963.png
Hokkaido0965.png,Hokkaido0965.png
Hokkaido0966.png,Hokkaido0966.png
Hokkaido0967.png,Hokkaido0967.png
Hokkaido0968.png,Hokkaido0968.png
Hokkaido0969.png,Hokkaido0969.png
Hokkaido0970.png,Hokkaido0970.png
Hokkaido0971.png,Hokkaido0971.png
Hokkaido0974.png,Hokkaido0974.png
Hokkaido0975.png,Hokkaido0975.png
Hokkaido0976.png,Hokkaido0976.png
Hokkaido0977.png,Hokkaido0977.png
Hokkaido0978.png,Hokkaido0978.png
Hokkaido0979.png,Hokkaido0979.png
Hokkaido0980.png,Hokkaido0980.png
Hokkaido0981.png,Hokkaido0981.png
Hokkaido0982.png,Hokkaido0982.png
Hokkaido0983.png,Hokkaido0983.png
Hokkaido0985.png,Hokkaido0985.png
Hokkaido0986.png,Hokkaido0986.png
Hokkaido0987.png,Hokkaido0987.png
Hokkaido0988.png,Hokkaido0988.png
Hokkaido0989.png,Hokkaido0989.png
Hokkaido0990.png,Hokkaido0990.png
Hokkaido0991.png,Hokkaido0991.png
Hokkaido0992.png,Hokkaido0992.png
Hokkaido0993.png,Hokkaido0993.png
Hokkaido0996.png,Hokkaido0996.png
Hokkaido0997.png,Hokkaido0997.png
Hokkaido0998.png,Hokkaido0998.png
Hokkaido1001.png,Hokkaido1001.png
Hokkaido1002.png,Hokkaido1002.png
Hokkaido1004.png,Hokkaido1004.png
Hokkaido1005.png,Hokkaido1005.png
Hokkaido1010.png,Hokkaido1010.png
Hokkaido1011.png,Hokkaido1011.png
Hokkaido1013.png,Hokkaido1013.png
Hokkaido1014.png,Hokkaido1014.png
Hokkaido1019.png,Hokkaido1019.png
Hokkaido1020.png,Hokkaido1020.png
Hokkaido1022.png,Hokkaido1022.png
Hokkaido1023.png,Hokkaido1023.png
Hokkaido1024.png,Hokkaido1024.png
Hokkaido1025.png,Hokkaido1025.png
Hokkaido1026.png,Hokkaido1026.png
Hokkaido1028.png,Hokkaido1028.png
Hokkaido1029.png,Hokkaido1029.png
Hokkaido1032.png,Hokkaido1032.png
Hokkaido1033.png,Hokkaido1033.png
Hokkaido1034.png,Hokkaido1034.png
Hokkaido1035.png,Hokkaido1035.png
Hokkaido1036.png,Hokkaido1036.png
Hokkaido1037.png,Hokkaido1037.png
Hokkaido1038.png,Hokkaido1038.png
Hokkaido1039.png,Hokkaido1039.png
Hokkaido1040.png,Hokkaido1040.png
Hokkaido1044.png,Hokkaido1044.png
Hokkaido1046.png,Hokkaido1046.png
Hokkaido1047.png,Hokkaido1047.png
Hokkaido1049.png,Hokkaido1049.png
Hokkaido1051.png,Hokkaido1051.png
Hokkaido1052.png,Hokkaido1052.png
Hokkaido1053.png,Hokkaido1053.png
Hokkaido1054.png,Hokkaido1054.png
Hokkaido1056.png,Hokkaido1056.png
Hokkaido1057.png,Hokkaido1057.png
Hokkaido1058.png,Hokkaido1058.png
Hokkaido1060.png,Hokkaido1060.png
Hokkaido1063.png,Hokkaido1063.png
Hokkaido1064.png,Hokkaido1064.png
Hokkaido1065.png,Hokkaido1065.png
Hokkaido1066.png,Hokkaido1066.png
Hokkaido1067.png,Hokkaido1067.png
Hokkaido1071.png,Hokkaido1071.png
Hokkaido1072.png,Hokkaido1072.png
Hokkaido1073.png,Hokkaido1073.png
Hokkaido1074.png,Hokkaido1074.png
Hokkaido1075.png,Hokkaido1075.png
Hokkaido1076.png,Hokkaido1076.png
Hokkaido1077.png,Hokkaido1077.png
Hokkaido1078.png,Hokkaido1078.png
Hokkaido1079.png,Hokkaido1079.png
Hokkaido1080.png,Hokkaido1080.png
Hokkaido1082.png,Hokkaido1082.png
Hokkaido1083.png,Hokkaido1083.png
Hokkaido1085.png,Hokkaido1085.png
Hokkaido1086.png,Hokkaido1086.png
Hokkaido1087.png,Hokkaido1087.png
Hokkaido1088.png,Hokkaido1088.png
Hokkaido1089.png,Hokkaido1089.png
Hokkaido1091.png,Hokkaido1091.png
Hokkaido1093.png,Hokkaido1093.png
Hokkaido1094.png,Hokkaido1094.png
Hokkaido1095.png,Hokkaido1095.png
Hokkaido1096.png,Hokkaido1096.png
Hokkaido1098.png,Hokkaido1098.png
Hokkaido1099.png,Hokkaido1099.png
Hokkaido1101.png,Hokkaido1101.png
Hokkaido1103.png,Hokkaido1103.png
Hokkaido1104.png,Hokkaido1104.png
Hokkaido1105.png,Hokkaido1105.png
Hokkaido1108.png,Hokkaido1108.png
Hokkaido1109.png,Hokkaido1109.png
Hokkaido1110.png,Hokkaido1110.png
Hokkaido1111.png,Hokkaido1111.png
Hokkaido1112.png,Hokkaido1112.png
Hokkaido1113.png,Hokkaido1113.png
Hokkaido1114.png,Hokkaido1114.png
Hokkaido1116.png,Hokkaido1116.png
Hokkaido1117.png,Hokkaido1117.png
Hokkaido1118.png,Hokkaido1118.png
Hokkaido1119.png,Hokkaido1119.png
Hokkaido1121.png,Hokkaido1121.png
Hokkaido1122.png,Hokkaido1122.png
Hokkaido1123.png,Hokkaido1123.png
Hokkaido1124.png,Hokkaido1124.png
Hokkaido1125.png,Hokkaido1125.png
Hokkaido1126.png,Hokkaido1126.png
Hokkaido1127.png,Hokkaido1127.png
Hokkaido1128.png,Hokkaido1128.png
Hokkaido1132.png,Hokkaido1132.png
Hokkaido1134.png,Hokkaido1134.png
Hokkaido1135.png,Hokkaido1135.png
Hokkaido1136.png,Hokkaido1136.png
Hokkaido1137.png,Hokkaido1137.png
Hokkaido1139.png,Hokkaido1139.png
Hokkaido1140.png,Hokkaido1140.png
Hokkaido1141.png,Hokkaido1141.png
Hokkaido1142.png,Hokkaido1142.png
Hokkaido1143.png,Hokkaido1143.png
Hokkaido1144.png,Hokkaido1144.png
Hokkaido1145.png,Hokkaido1145.png
Hokkaido1147.png,Hokkaido1147.png
Hokkaido1149.png,Hokkaido1149.png
Hokkaido1150.png,Hokkaido1150.png
Hokkaido1151.png,Hokkaido1151.png
Hokkaido1152.png,Hokkaido1152.png
Hokkaido1154.png,Hokkaido1154.png
Hokkaido1156.png,Hokkaido1156.png
Hokkaido1157.png,Hokkaido1157.png
Hokkaido1158.png,Hokkaido1158.png
Hokkaido1159.png,Hokkaido1159.png
Hokkaido1160.png,Hokkaido1160.png
Hokkaido1161.png,Hokkaido1161.png
Hokkaido1163.png,Hokkaido1163.png
Hokkaido1165.png,Hokkaido1165.png
Hokkaido1167.png,Hokkaido1167.png
Hokkaido1169.png,Hokkaido1169.png
Hokkaido1171.png,Hokkaido1171.png
Hokkaido1173.png,Hokkaido1173.png
Hokkaido1174.png,Hokkaido1174.png
Hokkaido1178.png,Hokkaido1178.png
Hokkaido1180.png,Hokkaido1180.png
Hokkaido1184.png,Hokkaido1184.png
Hokkaido1186.png,Hokkaido1186.png
Hokkaido1187.png,Hokkaido1187.png
Hokkaido1188.png,Hokkaido1188.png
Hokkaido1190.png,Hokkaido1190.png
Hokkaido1191.png,Hokkaido1191.png
Hokkaido1192.png,Hokkaido1192.png
Hokkaido1193.png,Hokkaido1193.png
Hokkaido1194.png,Hokkaido1194.png
Hokkaido1195.png,Hokkaido1195.png
Hokkaido1196.png,Hokkaido1196.png
Hokkaido1197.png,Hokkaido1197.png
Hokkaido1198.png,Hokkaido1198.png
Hokkaido1199.png,Hokkaido1199.png
Hokkaido1200.png,Hokkaido1200.png
Hokkaido1202.png,Hokkaido1202.png
Hokkaido1203.png,Hokkaido1203.png
Hokkaido1204.png,Hokkaido1204.png
Hokkaido1205.png,Hokkaido1205.png
Hokkaido1206.png,Hokkaido1206.png
Hokkaido1207.png,Hokkaido1207.png
Hokkaido1208.png,Hokkaido1208.png
Hokkaido1209.png,Hokkaido1209.png
Hokkaido1212.png,Hokkaido1212.png
Hokkaido1213.png,Hokkaido1213.png
Hokkaido1214.png,Hokkaido1214.png
Hokkaido1216.png,Hokkaido1216.png
Hokkaido1217.png,Hokkaido1217.png
Hokkaido1218.png,Hokkaido1218.png
Hokkaido1219.png,Hokkaido1219.png
Hokkaido1220.png,Hokkaido1220.png
Hokkaido1221.png,Hokkaido1221.png
Hokkaido1225.png,Hokkaido1225.png
Hokkaido1226.png,Hokkaido1226.png
Hokkaido1227.png,Hokkaido1227.png
Hokkaido1231.png,Hokkaido1231.png
Hokkaido1232.png,Hokkaido1232.png
Hokkaido1233.png,Hokkaido1233.png
Hokkaido1234.png,Hokkaido1234.png
Hokkaido1236.png,Hokkaido1236.png
Hokkaido1237.png,Hokkaido1237.png
Hokkaido1239.png,Hokkaido1239.png
Hokkaido1241.png,Hokkaido1241.png
Hokkaido1244.png,Hokkaido1244.png
Hokkaido1245.png,Hokkaido1245.png
Hokkaido1246.png,Hokkaido1246.png
Hokkaido1247.png,Hokkaido1247.png
Hokkaido1248.png,Hokkaido1248.png
Hokkaido1251.png,Hokkaido1251.png
Hokkaido1252.png,Hokkaido1252.png
Hokkaido1254.png,Hokkaido1254.png
Hokkaido1255.png,Hokkaido1255.png
Hokkaido1256.png,Hokkaido1256.png
Hokkaido1257.png,Hokkaido1257.png
Hokkaido1258.png,Hokkaido1258.png
Hokkaido1259.png,Hokkaido1259.png
Hokkaido1261.png,Hokkaido1261.png
Hokkaido1262.png,Hokkaido1262.png
Hokkaido1263.png,Hokkaido1263.png
Hokkaido1264.png,Hokkaido1264.png
Hokkaido1266.png,Hokkaido1266.png
Hokkaido1267.png,Hokkaido1267.png
Hokkaido1269.png,Hokkaido1269.png
Hokkaido1270.png,Hokkaido1270.png
Hokkaido1271.png,Hokkaido1271.png
Hokkaido1273.png,Hokkaido1273.png
Hokkaido1274.png,Hokkaido1274.png
Hokkaido1275.png,Hokkaido1275.png
Hokkaido1276.png,Hokkaido1276.png
Hokkaido1279.png,Hokkaido1279.png
Hokkaido1282.png,Hokkaido1282.png
Hokkaido1284.png,Hokkaido1284.png
Hokkaido1285.png,Hokkaido1285.png
Hokkaido1286.png,Hokkaido1286.png
Hokkaido1287.png,Hokkaido1287.png
Hokkaido1289.png,Hokkaido1289.png
Hokkaido1290.png,Hokkaido1290.png
Hokkaido1293.png,Hokkaido1293.png
Hokkaido1294.png,Hokkaido1294.png
Hokkaido1295.png,Hokkaido1295.png
Hokkaido1296.png,Hokkaido1296.png
Hokkaido1298.png,Hokkaido1298.png
Hokkaido1299.png,Hokkaido1299.png
Hokkaido1300.png,Hokkaido1300.png
Hokkaido1301.png,Hokkaido1301.png
Hokkaido1302.png,Hokkaido1302.png
Hokkaido1305.png,Hokkaido1305.png
Hokkaido1306.png,Hokkaido1306.png
Hokkaido1309.png,Hokkaido1309.png
Hokkaido1310.png,Hokkaido1310.png
Hokkaido1311.png,Hokkaido1311.png
Hokkaido1312.png,Hokkaido1312.png
Hokkaido1314.png,Hokkaido1314.png
Hokkaido1315.png,Hokkaido1315.png
Hokkaido1316.png,Hokkaido1316.png
Hokkaido1317.png,Hokkaido1317.png
Hokkaido1318.png,Hokkaido1318.png
Hokkaido1319.png,Hokkaido1319.png
Hokkaido1320.png,Hokkaido1320.png
Hokkaido1322.png,Hokkaido1322.png
Hokkaido1324.png,Hokkaido1324.png
Hokkaido1326.png,Hokkaido1326.png
Hokkaido1327.png,Hokkaido1327.png
Hokkaido1329.png,Hokkaido1329.png
Hokkaido1331.png,Hokkaido1331.png
Hokkaido1333.png,Hokkaido1333.png
Hokkaido1335.png,Hokkaido1335.png
Hokkaido1337.png,Hokkaido1337.png
Hokkaido1338.png,Hokkaido1338.png
Hokkaido1339.png,Hokkaido1339.png
Hokkaido1340.png,Hokkaido1340.png
Hokkaido1341.png,Hokkaido1341.png
Hokkaido1342.png,Hokkaido1342.png
Hokkaido1344.png,Hokkaido1344.png
Hokkaido1346.png,Hokkaido1346.png
Hokkaido1348.png,Hokkaido1348.png
Hokkaido1349.png,Hokkaido1349.png
Hokkaido1351.png,Hokkaido1351.png
Hokkaido1352.png,Hokkaido1352.png
Hokkaido1353.png,Hokkaido1353.png
Hokkaido1355.png,Hokkaido1355.png
Hokkaido1356.png,Hokkaido1356.png
Hokkaido1357.png,Hokkaido1357.png
Hokkaido1358.png,Hokkaido1358.png
Hokkaido1359.png,Hokkaido1359.png
Hokkaido1360.png,Hokkaido1360.png
Hokkaido1361.png,Hokkaido1361.png
Hokkaido1363.png,Hokkaido1363.png
Hokkaido1364.png,Hokkaido1364.png
Hokkaido1365.png,Hokkaido1365.png
Hokkaido1367.png,Hokkaido1367.png
Hokkaido1368.png,Hokkaido1368.png
Hokkaido1369.png,Hokkaido1369.png
Hokkaido1370.png,Hokkaido1370.png
Hokkaido1371.png,Hokkaido1371.png
Hokkaido1372.png,Hokkaido1372.png
Hokkaido1373.png,Hokkaido1373.png
Hokkaido1376.png,Hokkaido1376.png
Hokkaido1378.png,Hokkaido1378.png
Hokkaido1379.png,Hokkaido1379.png
Hokkaido1383.png,Hokkaido1383.png
Hokkaido1384.png,Hokkaido1384.png
Hokkaido1385.png,Hokkaido1385.png
Hokkaido1386.png,Hokkaido1386.png
Hokkaido1390.png,Hokkaido1390.png
Hokkaido1391.png,Hokkaido1391.png
Hokkaido1392.png,Hokkaido1392.png
Hokkaido1393.png,Hokkaido1393.png
Hokkaido1395.png,Hokkaido1395.png
Hokkaido1397.png,Hokkaido1397.png
Hokkaido1398.png,Hokkaido1398.png
Hokkaido1400.png,Hokkaido1400.png
Hokkaido1401.png,Hokkaido1401.png
Hokkaido1403.png,Hokkaido1403.png
Hokkaido1404.png,Hokkaido1404.png
Hokkaido1405.png,Hokkaido1405.png
Hokkaido1406.png,Hokkaido1406.png
Hokkaido1407.png,Hokkaido1407.png
Hokkaido1409.png,Hokkaido1409.png
Hokkaido1410.png,Hokkaido1410.png
Hokkaido1411.png,Hokkaido1411.png
Hokkaido1414.png,Hokkaido1414.png
Hokkaido1415.png,Hokkaido1415.png
Hokkaido1417.png,Hokkaido1417.png
Hokkaido1419.png,Hokkaido1419.png
Hokkaido1420.png,Hokkaido1420.png
Hokkaido1421.png,Hokkaido1421.png
Hokkaido1422.png,Hokkaido1422.png
Hokkaido1423.png,Hokkaido1423.png
Hokkaido1424.png,Hokkaido1424.png
Hokkaido1425.png,Hokkaido1425.png
Hokkaido1426.png,Hokkaido1426.png
Hokkaido1429.png,Hokkaido1429.png
Hokkaido1430.png,Hokkaido1430.png
Hokkaido1434.png,Hokkaido1434.png
Hokkaido1436.png,Hokkaido1436.png
Hokkaido1437.png,Hokkaido1437.png
Hokkaido1438.png,Hokkaido1438.png
Hokkaido1439.png,Hokkaido1439.png
Hokkaido1441.png,Hokkaido1441.png
Hokkaido1442.png,Hokkaido1442.png
Hokkaido1443.png,Hokkaido1443.png
Hokkaido1444.png,Hokkaido1444.png
Hokkaido1446.png,Hokkaido1446.png
Hokkaido1447.png,Hokkaido1447.png
Hokkaido1448.png,Hokkaido1448.png
Hokkaido1449.png,Hokkaido1449.png
Hokkaido1450.png,Hokkaido1450.png
Hokkaido1451.png,Hokkaido1451.png
Hokkaido1452.png,Hokkaido1452.png
Hokkaido1453.png,Hokkaido1453.png
Hokkaido1455.png,Hokkaido1455.png
Hokkaido1456.png,Hokkaido1456.png
Hokkaido1461.png,Hokkaido1461.png
Hokkaido1465.png,Hokkaido1465.png
Hokkaido1468.png,Hokkaido1468.png
Hokkaido1469.png,Hokkaido1469.png
Hokkaido1473.png,Hokkaido1473.png
Hokkaido1475.png,Hokkaido1475.png
Hokkaido1481.png,Hokkaido1481.png
Hokkaido1482.png,Hokkaido1482.png
Hokkaido1483.png,Hokkaido1483.png
Hokkaido1485.png,Hokkaido1485.png
Hokkaido1487.png,Hokkaido1487.png
Hokkaido1488.png,Hokkaido1488.png
Hokkaido1489.png,Hokkaido1489.png
Hokkaido1492.png,Hokkaido1492.png
Hokkaido1493.png,Hokkaido1493.png
Hokkaido1495.png,Hokkaido1495.png
Hokkaido1497.png,Hokkaido1497.png
Hokkaido1498.png,Hokkaido1498.png
Hokkaido1499.png,Hokkaido1499.png
Hokkaido1501.png,Hokkaido1501.png
Hokkaido1502.png,Hokkaido1502.png
Hokkaido1503.png,Hokkaido1503.png
Hokkaido1504.png,Hokkaido1504.png
Hokkaido1506.png,Hokkaido1506.png
Hokkaido1508.png,Hokkaido1508.png
Hokkaido1509.png,Hokkaido1509.png
Hokkaido1511.png,Hokkaido1511.png
Hokkaido1512.png,Hokkaido1512.png
Hokkaido1513.png,Hokkaido1513.png
Hokkaido1515.png,Hokkaido1515.png
Hokkaido1516.png,Hokkaido1516.png
Hokkaido1517.png,Hokkaido1517.png
Hokkaido1519.png,Hokkaido1519.png
Hokkaido1522.png,Hokkaido1522.png
Hokkaido1524.png,Hokkaido1524.png
Hokkaido1525.png,Hokkaido1525.png
Hokkaido1527.png,Hokkaido1527.png
Hokkaido1529.png,Hokkaido1529.png
Hokkaido1530.png,Hokkaido1530.png
Hokkaido1531.png,Hokkaido1531.png
Hokkaido1534.png,Hokkaido1534.png
Hokkaido1536.png,Hokkaido1536.png
Hokkaido1538.png,Hokkaido1538.png
Hokkaido1539.png,Hokkaido1539.png
Hokkaido1541.png,Hokkaido1541.png
Hokkaido1543.png,Hokkaido1543.png
Hokkaido1545.png,Hokkaido1545.png
Hokkaido1546.png,Hokkaido1546.png
Hokkaido1547.png,Hokkaido1547.png
Hokkaido1548.png,Hokkaido1548.png
Hokkaido1549.png,Hokkaido1549.png
Hokkaido1550.png,Hokkaido1550.png
Hokkaido1551.png,Hokkaido1551.png
Hokkaido1554.png,Hokkaido1554.png
Hokkaido1555.png,Hokkaido1555.png
Hokkaido1557.png,Hokkaido1557.png
Hokkaido1558.png,Hokkaido1558.png
Hokkaido1559.png,Hokkaido1559.png
Hokkaido1560.png,Hokkaido1560.png
Hokkaido1562.png,Hokkaido1562.png
Hokkaido1563.png,Hokkaido1563.png
Hokkaido1564.png,Hokkaido1564.png
Hokkaido1565.png,Hokkaido1565.png
Hokkaido1566.png,Hokkaido1566.png
Hokkaido1570.png,Hokkaido1570.png
Hokkaido1571.png,Hokkaido1571.png
Lombok005.png,Lombok005.png
Lombok006.png,Lombok006.png
Lombok009.png,Lombok009.png
Lombok010.png,Lombok010.png
Lombok013.png,Lombok013.png
Lombok016.png,Lombok016.png
Lombok017.png,Lombok017.png
Lombok029.png,Lombok029.png
Lombok033.png,Lombok033.png
Lombok034.png,Lombok034.png
Lombok035.png,Lombok035.png
Lombok036.png,Lombok036.png
Lombok042.png,Lombok042.png
Lombok043.png,Lombok043.png
Lombok045.png,Lombok045.png
Lombok047.png,Lombok047.png
Lombok048.png,Lombok048.png
Lombok050.png,Lombok050.png
Lombok053.png,Lombok053.png
Lombok055.png,Lombok055.png
Lombok056.png,Lombok056.png
Lombok057.png,Lombok057.png
Lombok058.png,Lombok058.png
Lombok059.png,Lombok059.png
Lombok061.png,Lombok061.png
Lombok064.png,Lombok064.png
Lombok065.png,Lombok065.png
Lombok066.png,Lombok066.png
Lombok067.png,Lombok067.png
Lombok068.png,Lombok068.png
Lombok070.png,Lombok070.png
Lombok076.png,Lombok076.png
Lombok077.png,Lombok077.png
Lombok080.png,Lombok080.png
Lombok081.png,Lombok081.png
Lombok083.png,Lombok083.png
Lombok085.png,Lombok085.png
Lombok095.png,Lombok095.png
Lombok096.png,Lombok096.png
Lombok097.png,Lombok097.png
Lombok100.png,Lombok100.png
Lombok101.png,Lombok101.png
Lombok102.png,Lombok102.png
Lombok103.png,Lombok103.png
Lombok104.png,Lombok104.png
Lombok105.png,Lombok105.png
Lombok106.png,Lombok106.png
Lombok107.png,Lombok107.png
Lombok108.png,Lombok108.png
Lombok112.png,Lombok112.png
Lombok113.png,Lombok113.png
Lombok114.png,Lombok114.png
Lombok115.png,Lombok115.png
Lombok116.png,Lombok116.png
Lombok117.png,Lombok117.png
Lombok120.png,Lombok120.png
Lombok122.png,Lombok122.png
Lombok123.png,Lombok123.png
Lombok124.png,Lombok124.png
Lombok125.png,Lombok125.png
Lombok127.png,Lombok127.png
Lombok128.png,Lombok128.png
Lombok129.png,Lombok129.png
Lombok132.png,Lombok132.png
Lombok134.png,Lombok134.png
Lombok135.png,Lombok135.png
Lombok136.png,Lombok136.png
Lombok137.png,Lombok137.png
Lombok138.png,Lombok138.png
Lombok139.png,Lombok139.png
Lombok140.png,Lombok140.png
Lombok143.png,Lombok143.png
Lombok145.png,Lombok145.png
Lombok146.png,Lombok146.png
Lombok147.png,Lombok147.png
Lombok150.png,Lombok150.png
Lombok153.png,Lombok153.png
Lombok155.png,Lombok155.png
Lombok156.png,Lombok156.png
Lombok157.png,Lombok157.png
Lombok158.png,Lombok158.png
Lombok159.png,Lombok159.png
Lombok161.png,Lombok161.png
Lombok163.png,Lombok163.png
Lombok166.png,Lombok166.png
Lombok167.png,Lombok167.png
Lombok168.png,Lombok168.png
Lombok169.png,Lombok169.png
Lombok170.png,Lombok170.png
Lombok171.png,Lombok171.png
Lombok172.png,Lombok172.png
Lombok173.png,Lombok173.png
Lombok174.png,Lombok174.png
Lombok175.png,Lombok175.png
Lombok176.png,Lombok176.png
Lombok177.png,Lombok177.png
Lombok178.png,Lombok178.png
Lombok179.png,Lombok179.png
Lombok180.png,Lombok180.png
Lombok183.png,Lombok183.png
Lombok184.png,Lombok184.png
Lombok185.png,Lombok185.png
Lombok186.png,Lombok186.png
Lombok187.png,Lombok187.png
Lombok188.png,Lombok188.png
Lombok189.png,Lombok189.png
Lombok191.png,Lombok191.png
Lombok192.png,Lombok192.png
Lombok194.png,Lombok194.png
Lombok195.png,Lombok195.png
Lombok196.png,Lombok196.png
Lombok198.png,Lombok198.png
Lombok199.png,Lombok199.png
Lombok200.png,Lombok200.png
Lombok203.png,Lombok203.png
Lombok204.png,Lombok204.png
Lombok206.png,Lombok206.png
Lombok207.png,Lombok207.png
Lombok208.png,Lombok208.png
Lombok209.png,Lombok209.png
Lombok210.png,Lombok210.png
Lombok212.png,Lombok212.png
Lombok213.png,Lombok213.png
Lombok214.png,Lombok214.png
Lombok215.png,Lombok215.png
Lombok216.png,Lombok216.png
Lombok217.png,Lombok217.png
Lombok218.png,Lombok218.png
Lombok219.png,Lombok219.png
Lombok220.png,Lombok220.png
Lombok221.png,Lombok221.png
Lombok222.png,Lombok222.png
Lombok223.png,Lombok223.png
Lombok232.png,Lombok232.png
Lombok235.png,Lombok235.png
Lombok236.png,Lombok236.png
Lombok237.png,Lombok237.png
Lombok238.png,Lombok238.png
Lombok239.png,Lombok239.png
Lombok240.png,Lombok240.png
Lombok241.png,Lombok241.png
Lombok244.png,Lombok244.png
Lombok246.png,Lombok246.png
Lombok247.png,Lombok247.png
Lombok248.png,Lombok248.png
Lombok249.png,Lombok249.png
Lombok250.png,Lombok250.png
Lombok253.png,Lombok253.png
Lombok254.png,Lombok254.png
Lombok255.png,Lombok255.png
Lombok256.png,Lombok256.png
Lombok260.png,Lombok260.png
Lombok262.png,Lombok262.png
Lombok264.png,Lombok264.png
Lombok265.png,Lombok265.png
Lombok266.png,Lombok266.png
Lombok267.png,Lombok267.png
Lombok269.png,Lombok269.png
Lombok270.png,Lombok270.png
Lombok271.png,Lombok271.png
Lombok274.png,Lombok274.png
Lombok275.png,Lombok275.png
Lombok276.png,Lombok276.png
Lombok278.png,Lombok278.png
Lombok280.png,Lombok280.png
Lombok281.png,Lombok281.png
Lombok282.png,Lombok282.png
Lombok283.png,Lombok283.png
Lombok284.png,Lombok284.png
Lombok285.png,Lombok285.png
Lombok286.png,Lombok286.png
Lombok287.png,Lombok287.png
Lombok288.png,Lombok288.png
Lombok290.png,Lombok290.png
Lombok293.png,Lombok293.png
Lombok294.png,Lombok294.png
Lombok295.png,Lombok295.png
Lombok297.png,Lombok297.png
Lombok298.png,Lombok298.png
Lombok299.png,Lombok299.png
Lombok301.png,Lombok301.png
Lombok302.png,Lombok302.png
Lombok303.png,Lombok303.png
Lombok304.png,Lombok304.png
Lombok305.png,Lombok305.png
Lombok306.png,Lombok306.png
Lombok309.png,Lombok309.png
Lombok310.png,Lombok310.png
Lombok311.png,Lombok311.png
Lombok314.png,Lombok314.png
Lombok315.png,Lombok315.png
Lombok316.png,Lombok316.png
Lombok317.png,Lombok317.png
Lombok318.png,Lombok318.png
Lombok321.png,Lombok321.png
Lombok322.png,Lombok322.png
Lombok323.png,Lombok323.png
Lombok325.png,Lombok325.png
Lombok326.png,Lombok326.png
Lombok327.png,Lombok327.png
Lombok328.png,Lombok328.png
Lombok330.png,Lombok330.png
Lombok332.png,Lombok332.png
Lombok333.png,Lombok333.png
Lombok334.png,Lombok334.png
Lombok336.png,Lombok336.png
Lombok337.png,Lombok337.png
Lombok338.png,Lombok338.png
Lombok339.png,Lombok339.png
Lombok340.png,Lombok340.png
Lombok342.png,Lombok342.png
Lombok343.png,Lombok343.png
Lombok344.png,Lombok344.png
Lombok346.png,Lombok346.png
Lombok347.png,Lombok347.png
Lombok348.png,Lombok348.png
Lombok349.png,Lombok349.png
Lombok354.png,Lombok354.png
Lombok356.png,Lombok356.png
Lombok357.png,Lombok357.png
Lombok358.png,Lombok358.png
Lombok359.png,Lombok359.png
Lombok361.png,Lombok361.png
Lombok363.png,Lombok363.png
Lombok365.png,Lombok365.png
Lombok366.png,Lombok366.png
Lombok368.png,Lombok368.png
Lombok369.png,Lombok369.png
Lombok370.png,Lombok370.png
Lombok372.png,Lombok372.png
Lombok373.png,Lombok373.png
Lombok374.png,Lombok374.png
Lombok375.png,Lombok375.png
Lombok377.png,Lombok377.png
Lombok378.png,Lombok378.png
Lombok380.png,Lombok380.png
Lombok383.png,Lombok383.png
Lombok384.png,Lombok384.png
Lombok386.png,Lombok386.png
Lombok387.png,Lombok387.png
Lombok388.png,Lombok388.png
Lombok389.png,Lombok389.png
Lombok391.png,Lombok391.png
Lombok392.png,Lombok392.png
Lombok393.png,Lombok393.png
Lombok394.png,Lombok394.png
Lombok395.png,Lombok395.png
Lombok396.png,Lombok396.png
Lombok398.png,Lombok398.png
Lombok400.png,Lombok400.png
Lombok401.png,Lombok401.png
Lombok403.png,Lombok403.png
Lombok404.png,Lombok404.png
Lombok405.png,Lombok405.png
Lombok407.png,Lombok407.png
Lombok409.png,Lombok409.png
Lombok410.png,Lombok410.png
Lombok411.png,Lombok411.png
Lombok412.png,Lombok412.png
Lombok414.png,Lombok414.png
Lombok416.png,Lombok416.png
Lombok419.png,Lombok419.png
Lombok421.png,Lombok421.png
Lombok422.png,Lombok422.png
Lombok423.png,Lombok423.png
Lombok424.png,Lombok424.png
Lombok425.png,Lombok425.png
Lombok427.png,Lombok427.png
Lombok428.png,Lombok428.png
Lombok429.png,Lombok429.png
Lombok430.png,Lombok430.png
Lombok431.png,Lombok431.png
Lombok432.png,Lombok432.png
Lombok433.png,Lombok433.png
Lombok434.png,Lombok434.png
Lombok435.png,Lombok435.png
Lombok437.png,Lombok437.png
Lombok438.png,Lombok438.png
Lombok439.png,Lombok439.png
Lombok440.png,Lombok440.png
Lombok441.png,Lombok441.png
Lombok443.png,Lombok443.png
Lombok444.png,Lombok444.png
Lombok445.png,Lombok445.png
Lombok447.png,Lombok447.png
Lombok449.png,Lombok449.png
Lombok451.png,Lombok451.png
Lombok453.png,Lombok453.png
Lombok454.png,Lombok454.png
Lombok455.png,Lombok455.png
Lombok456.png,Lombok456.png
Lombok457.png,Lombok457.png
Lombok458.png,Lombok458.png
Lombok459.png,Lombok459.png
Lombok460.png,Lombok460.png
Lombok462.png,Lombok462.png
Lombok464.png,Lombok464.png
Lombok465.png,Lombok465.png
Lombok466.png,Lombok466.png
Lombok467.png,Lombok467.png
Lombok468.png,Lombok468.png
Lombok469.png,Lombok469.png
Lombok470.png,Lombok470.png
Lombok474.png,Lombok474.png
Lombok475.png,Lombok475.png
Lombok476.png,Lombok476.png
Lombok477.png,Lombok477.png
Lombok478.png,Lombok478.png
Lombok480.png,Lombok480.png
Lombok481.png,Lombok481.png
Lombok484.png,Lombok484.png
Lombok485.png,Lombok485.png
Lombok486.png,Lombok486.png
Lombok487.png,Lombok487.png
Lombok488.png,Lombok488.png
Lombok489.png,Lombok489.png
Lombok490.png,Lombok490.png
LongxiheSAT0001.png,LongxiheSAT0001.png
LongxiheSAT0002.png,LongxiheSAT0002.png
LongxiheSAT0004.png,LongxiheSAT0004.png
LongxiheSAT0005.png,LongxiheSAT0005.png
LongxiheSAT0008.png,LongxiheSAT0008.png
LongxiheSAT0009.png,LongxiheSAT0009.png
LongxiheSAT0010.png,LongxiheSAT0010.png
LongxiheSAT0011.png,LongxiheSAT0011.png
LongxiheSAT0012.png,LongxiheSAT0012.png
LongxiheSAT0013.png,LongxiheSAT0013.png
LongxiheSAT0014.png,LongxiheSAT0014.png
LongxiheSAT0015.png,LongxiheSAT0015.png
LongxiheSAT0016.png,LongxiheSAT0016.png
LongxiheSAT0017.png,LongxiheSAT0017.png
LongxiheSAT0018.png,LongxiheSAT0018.png
LongxiheSAT0020.png,LongxiheSAT0020.png
LongxiheSAT0022.png,LongxiheSAT0022.png
LongxiheSAT0023.png,LongxiheSAT0023.png
LongxiheSAT0025.png,LongxiheSAT0025.png
LongxiheSAT0026.png,LongxiheSAT0026.png
LongxiheSAT0028.png,LongxiheSAT0028.png
LongxiheSAT0030.png,LongxiheSAT0030.png
LongxiheSAT0031.png,LongxiheSAT0031.png
LongxiheSAT0032.png,LongxiheSAT0032.png
LongxiheSAT0035.png,LongxiheSAT0035.png
LongxiheSAT0036.png,LongxiheSAT0036.png
LongxiheSAT0037.png,LongxiheSAT0037.png
LongxiheSAT0038.png,LongxiheSAT0038.png
LongxiheSAT0039.png,LongxiheSAT0039.png
LongxiheSAT0041.png,LongxiheSAT0041.png
LongxiheSAT0042.png,LongxiheSAT0042.png
LongxiheSAT0043.png,LongxiheSAT0043.png
LongxiheSAT0045.png,LongxiheSAT0045.png
LongxiheSAT0046.png,LongxiheSAT0046.png
LongxiheSAT0047.png,LongxiheSAT0047.png
LongxiheSAT0048.png,LongxiheSAT0048.png
LongxiheSAT0049.png,LongxiheSAT0049.png
LongxiheSAT0050.png,LongxiheSAT0050.png
LongxiheSAT0051.png,LongxiheSAT0051.png
LongxiheSAT0052.png,LongxiheSAT0052.png
LongxiheSAT0054.png,LongxiheSAT0054.png
LongxiheSAT0055.png,LongxiheSAT0055.png
LongxiheSAT0058.png,LongxiheSAT0058.png
LongxiheSAT0059.png,LongxiheSAT0059.png
LongxiheSAT0060.png,LongxiheSAT0060.png
LongxiheSAT0061.png,LongxiheSAT0061.png
LongxiheSAT0062.png,LongxiheSAT0062.png
LongxiheSAT0063.png,LongxiheSAT0063.png
LongxiheSAT0064.png,LongxiheSAT0064.png
LongxiheSAT0065.png,LongxiheSAT0065.png
LongxiheSAT0066.png,LongxiheSAT0066.png
LongxiheSAT0067.png,LongxiheSAT0067.png
LongxiheSAT0068.png,LongxiheSAT0068.png
LongxiheSAT0069.png,LongxiheSAT0069.png
LongxiheSAT0070.png,LongxiheSAT0070.png
LongxiheSAT0071.png,LongxiheSAT0071.png
LongxiheSAT0073.png,LongxiheSAT0073.png
LongxiheSAT0074.png,LongxiheSAT0074.png
LongxiheSAT0075.png,LongxiheSAT0075.png
LongxiheSAT0076.png,LongxiheSAT0076.png
LongxiheSAT0078.png,LongxiheSAT0078.png
LongxiheSAT0079.png,LongxiheSAT0079.png
LongxiheSAT0080.png,LongxiheSAT0080.png
LongxiheSAT0082.png,LongxiheSAT0082.png
LongxiheSAT0084.png,LongxiheSAT0084.png
LongxiheSAT0085.png,LongxiheSAT0085.png
LongxiheSAT0086.png,LongxiheSAT0086.png
LongxiheSAT0087.png,LongxiheSAT0087.png
LongxiheSAT0088.png,LongxiheSAT0088.png
LongxiheSAT0091.png,LongxiheSAT0091.png
LongxiheSAT0093.png,LongxiheSAT0093.png
LongxiheSAT0094.png,LongxiheSAT0094.png
LongxiheSAT0095.png,LongxiheSAT0095.png
LongxiheSAT0097.png,LongxiheSAT0097.png
LongxiheSAT0098.png,LongxiheSAT0098.png
LongxiheSAT0099.png,LongxiheSAT0099.png
LongxiheSAT0101.png,LongxiheSAT0101.png
LongxiheSAT0102.png,LongxiheSAT0102.png
LongxiheSAT0104.png,LongxiheSAT0104.png
LongxiheSAT0106.png,LongxiheSAT0106.png
LongxiheSAT0107.png,LongxiheSAT0107.png
LongxiheSAT0108.png,LongxiheSAT0108.png
LongxiheSAT0110.png,LongxiheSAT0110.png
LongxiheSAT0111.png,LongxiheSAT0111.png
LongxiheSAT0113.png,LongxiheSAT0113.png
LongxiheSAT0114.png,LongxiheSAT0114.png
LongxiheSAT0116.png,LongxiheSAT0116.png
LongxiheSAT0118.png,LongxiheSAT0118.png
LongxiheSAT0119.png,LongxiheSAT0119.png
LongxiheSAT0120.png,LongxiheSAT0120.png
LongxiheSAT0122.png,LongxiheSAT0122.png
LongxiheSAT0123.png,LongxiheSAT0123.png
LongxiheSAT0125.png,LongxiheSAT0125.png
LongxiheSAT0126.png,LongxiheSAT0126.png
LongxiheSAT0127.png,LongxiheSAT0127.png
LongxiheSAT0128.png,LongxiheSAT0128.png
LongxiheSAT0129.png,LongxiheSAT0129.png
LongxiheSAT0132.png,LongxiheSAT0132.png
LongxiheSAT0133.png,LongxiheSAT0133.png
LongxiheSAT0134.png,LongxiheSAT0134.png
LongxiheSAT0135.png,LongxiheSAT0135.png
LongxiheSAT0136.png,LongxiheSAT0136.png
LongxiheSAT0138.png,LongxiheSAT0138.png
LongxiheSAT0139.png,LongxiheSAT0139.png
LongxiheSAT0140.png,LongxiheSAT0140.png
LongxiheSAT0141.png,LongxiheSAT0141.png
LongxiheSAT0142.png,LongxiheSAT0142.png
LongxiheSAT0143.png,LongxiheSAT0143.png
LongxiheSAT0144.png,LongxiheSAT0144.png
LongxiheSAT0145.png,LongxiheSAT0145.png
LongxiheSAT0147.png,LongxiheSAT0147.png
LongxiheSAT0148.png,LongxiheSAT0148.png
LongxiheSAT0149.png,LongxiheSAT0149.png
LongxiheSAT0150.png,LongxiheSAT0150.png
LongxiheSAT0152.png,LongxiheSAT0152.png
LongxiheSAT0153.png,LongxiheSAT0153.png
LongxiheSAT0154.png,LongxiheSAT0154.png
LongxiheSAT0156.png,LongxiheSAT0156.png
LongxiheSAT0157.png,LongxiheSAT0157.png
LongxiheSAT0159.png,LongxiheSAT0159.png
LongxiheSAT0161.png,LongxiheSAT0161.png
LongxiheSAT0162.png,LongxiheSAT0162.png
LongxiheSAT0163.png,LongxiheSAT0163.png
LongxiheSAT0165.png,LongxiheSAT0165.png
LongxiheSAT0166.png,LongxiheSAT0166.png
LongxiheSAT0167.png,LongxiheSAT0167.png
LongxiheSAT0169.png,LongxiheSAT0169.png
LongxiheSAT0175.png,LongxiheSAT0175.png
LongxiheSAT0176.png,LongxiheSAT0176.png
LongxiheSAT0177.png,LongxiheSAT0177.png
LongxiheSAT0178.png,LongxiheSAT0178.png
LongxiheSAT0179.png,LongxiheSAT0179.png
LongxiheSAT0180.png,LongxiheSAT0180.png
LongxiheSAT0182.png,LongxiheSAT0182.png
LongxiheSAT0184.png,LongxiheSAT0184.png
LongxiheSAT0186.png,LongxiheSAT0186.png
LongxiheSAT0187.png,LongxiheSAT0187.png
LongxiheSAT0188.png,LongxiheSAT0188.png
LongxiheSAT0190.png,LongxiheSAT0190.png
LongxiheSAT0191.png,LongxiheSAT0191.png
LongxiheSAT0192.png,LongxiheSAT0192.png
LongxiheSAT0195.png,LongxiheSAT0195.png
LongxiheSAT0196.png,LongxiheSAT0196.png
LongxiheSAT0198.png,LongxiheSAT0198.png
LongxiheSAT0199.png,LongxiheSAT0199.png
LongxiheSAT0200.png,LongxiheSAT0200.png
LongxiheSAT0202.png,LongxiheSAT0202.png
LongxiheSAT0203.png,LongxiheSAT0203.png
LongxiheSAT0205.png,LongxiheSAT0205.png
LongxiheSAT0206.png,LongxiheSAT0206.png
LongxiheSAT0207.png,LongxiheSAT0207.png
LongxiheSAT0208.png,LongxiheSAT0208.png
LongxiheSAT0209.png,LongxiheSAT0209.png
LongxiheSAT0210.png,LongxiheSAT0210.png
LongxiheSAT0211.png,LongxiheSAT0211.png
LongxiheSAT0212.png,LongxiheSAT0212.png
LongxiheSAT0213.png,LongxiheSAT0213.png
LongxiheSAT0214.png,LongxiheSAT0214.png
LongxiheSAT0217.png,LongxiheSAT0217.png
LongxiheSAT0218.png,LongxiheSAT0218.png
LongxiheSAT0220.png,LongxiheSAT0220.png
LongxiheSAT0222.png,LongxiheSAT0222.png
LongxiheSAT0224.png,LongxiheSAT0224.png
LongxiheSAT0225.png,LongxiheSAT0225.png
LongxiheSAT0227.png,LongxiheSAT0227.png
LongxiheSAT0228.png,LongxiheSAT0228.png
LongxiheSAT0229.png,LongxiheSAT0229.png
LongxiheSAT0230.png,LongxiheSAT0230.png
LongxiheSAT0231.png,LongxiheSAT0231.png
LongxiheSAT0232.png,LongxiheSAT0232.png
LongxiheSAT0236.png,LongxiheSAT0236.png
LongxiheSAT0238.png,LongxiheSAT0238.png
LongxiheSAT0240.png,LongxiheSAT0240.png
LongxiheSAT0241.png,LongxiheSAT0241.png
LongxiheSAT0242.png,LongxiheSAT0242.png
LongxiheSAT0244.png,LongxiheSAT0244.png
LongxiheSAT0246.png,LongxiheSAT0246.png
LongxiheSAT0247.png,LongxiheSAT0247.png
LongxiheSAT0249.png,LongxiheSAT0249.png
LongxiheSAT0250.png,LongxiheSAT0250.png
LongxiheSAT0251.png,LongxiheSAT0251.png
LongxiheSAT0252.png,LongxiheSAT0252.png
LongxiheSAT0253.png,LongxiheSAT0253.png
LongxiheSAT0254.png,LongxiheSAT0254.png
LongxiheSAT0255.png,LongxiheSAT0255.png
LongxiheSAT0257.png,LongxiheSAT0257.png
LongxiheSAT0260.png,LongxiheSAT0260.png
LongxiheSAT0261.png,LongxiheSAT0261.png
LongxiheSAT0262.png,LongxiheSAT0262.png
LongxiheSAT0263.png,LongxiheSAT0263.png
LongxiheSAT0264.png,LongxiheSAT0264.png
LongxiheSAT0265.png,LongxiheSAT0265.png
LongxiheSAT0266.png,LongxiheSAT0266.png
LongxiheSAT0267.png,LongxiheSAT0267.png
LongxiheSAT0268.png,LongxiheSAT0268.png
LongxiheSAT0269.png,LongxiheSAT0269.png
LongxiheSAT0271.png,LongxiheSAT0271.png
LongxiheSAT0272.png,LongxiheSAT0272.png
LongxiheSAT0273.png,LongxiheSAT0273.png
LongxiheSAT0274.png,LongxiheSAT0274.png
LongxiheSAT0275.png,LongxiheSAT0275.png
LongxiheSAT0276.png,LongxiheSAT0276.png
LongxiheSAT0277.png,LongxiheSAT0277.png
LongxiheSAT0278.png,LongxiheSAT0278.png
LongxiheSAT0279.png,LongxiheSAT0279.png
LongxiheSAT0280.png,LongxiheSAT0280.png
LongxiheSAT0281.png,LongxiheSAT0281.png
LongxiheSAT0285.png,LongxiheSAT0285.png
LongxiheSAT0286.png,LongxiheSAT0286.png
LongxiheSAT0287.png,LongxiheSAT0287.png
LongxiheSAT0290.png,LongxiheSAT0290.png
LongxiheSAT0291.png,LongxiheSAT0291.png
LongxiheSAT0292.png,LongxiheSAT0292.png
LongxiheSAT0293.png,LongxiheSAT0293.png
LongxiheSAT0294.png,LongxiheSAT0294.png
LongxiheSAT0295.png,LongxiheSAT0295.png
LongxiheSAT0296.png,LongxiheSAT0296.png
LongxiheSAT0297.png,LongxiheSAT0297.png
LongxiheSAT0298.png,LongxiheSAT0298.png
LongxiheSAT0300.png,LongxiheSAT0300.png
LongxiheSAT0301.png,LongxiheSAT0301.png
LongxiheSAT0302.png,LongxiheSAT0302.png
LongxiheSAT0303.png,LongxiheSAT0303.png
LongxiheSAT0304.png,LongxiheSAT0304.png
LongxiheSAT0306.png,LongxiheSAT0306.png
LongxiheSAT0307.png,LongxiheSAT0307.png
LongxiheSAT0309.png,LongxiheSAT0309.png
LongxiheSAT0312.png,LongxiheSAT0312.png
LongxiheSAT0313.png,LongxiheSAT0313.png
LongxiheSAT0315.png,LongxiheSAT0315.png
LongxiheSAT0317.png,LongxiheSAT0317.png
LongxiheSAT0318.png,LongxiheSAT0318.png
LongxiheSAT0319.png,LongxiheSAT0319.png
LongxiheSAT0320.png,LongxiheSAT0320.png
LongxiheSAT0321.png,LongxiheSAT0321.png
LongxiheSAT0322.png,LongxiheSAT0322.png
LongxiheSAT0324.png,LongxiheSAT0324.png
LongxiheSAT0329.png,LongxiheSAT0329.png
LongxiheSAT0330.png,LongxiheSAT0330.png
LongxiheSAT0332.png,LongxiheSAT0332.png
LongxiheSAT0333.png,LongxiheSAT0333.png
LongxiheSAT0334.png,LongxiheSAT0334.png
LongxiheSAT0335.png,LongxiheSAT0335.png
LongxiheSAT0336.png,LongxiheSAT0336.png
LongxiheSAT0337.png,LongxiheSAT0337.png
LongxiheSAT0339.png,LongxiheSAT0339.png
LongxiheSAT0340.png,LongxiheSAT0340.png
LongxiheSAT0341.png,LongxiheSAT0341.png
LongxiheSAT0342.png,LongxiheSAT0342.png
LongxiheSAT0343.png,LongxiheSAT0343.png
LongxiheSAT0344.png,LongxiheSAT0344.png
LongxiheSAT0345.png,LongxiheSAT0345.png
LongxiheSAT0347.png,LongxiheSAT0347.png
LongxiheSAT0348.png,LongxiheSAT0348.png
LongxiheSAT0349.png,LongxiheSAT0349.png
LongxiheSAT0350.png,LongxiheSAT0350.png
LongxiheSAT0353.png,LongxiheSAT0353.png
LongxiheSAT0354.png,LongxiheSAT0354.png
LongxiheSAT0357.png,LongxiheSAT0357.png
LongxiheSAT0358.png,LongxiheSAT0358.png
LongxiheSAT0359.png,LongxiheSAT0359.png
LongxiheSAT0360.png,LongxiheSAT0360.png
LongxiheSAT0361.png,LongxiheSAT0361.png
LongxiheSAT0363.png,LongxiheSAT0363.png
LongxiheSAT0364.png,LongxiheSAT0364.png
LongxiheSAT0368.png,LongxiheSAT0368.png
LongxiheSAT0369.png,LongxiheSAT0369.png
LongxiheSAT0370.png,LongxiheSAT0370.png
LongxiheSAT0372.png,LongxiheSAT0372.png
LongxiheSAT0373.png,LongxiheSAT0373.png
LongxiheSAT0374.png,LongxiheSAT0374.png
LongxiheSAT0375.png,LongxiheSAT0375.png
LongxiheSAT0376.png,LongxiheSAT0376.png
LongxiheSAT0377.png,LongxiheSAT0377.png
LongxiheSAT0379.png,LongxiheSAT0379.png
LongxiheSAT0380.png,LongxiheSAT0380.png
LongxiheSAT0381.png,LongxiheSAT0381.png
LongxiheSAT0384.png,LongxiheSAT0384.png
LongxiheSAT0386.png,LongxiheSAT0386.png
LongxiheSAT0387.png,LongxiheSAT0387.png
LongxiheSAT0388.png,LongxiheSAT0388.png
LongxiheSAT0389.png,LongxiheSAT0389.png
LongxiheSAT0390.png,LongxiheSAT0390.png
LongxiheSAT0392.png,LongxiheSAT0392.png
LongxiheSAT0393.png,LongxiheSAT0393.png
LongxiheSAT0394.png,LongxiheSAT0394.png
LongxiheSAT0395.png,LongxiheSAT0395.png
LongxiheSAT0397.png,LongxiheSAT0397.png
LongxiheSAT0398.png,LongxiheSAT0398.png
LongxiheSAT0400.png,LongxiheSAT0400.png
LongxiheSAT0402.png,LongxiheSAT0402.png
LongxiheSAT0403.png,LongxiheSAT0403.png
LongxiheSAT0404.png,LongxiheSAT0404.png
LongxiheSAT0405.png,LongxiheSAT0405.png
LongxiheSAT0406.png,LongxiheSAT0406.png
LongxiheSAT0407.png,LongxiheSAT0407.png
LongxiheSAT0408.png,LongxiheSAT0408.png
LongxiheSAT0410.png,LongxiheSAT0410.png
LongxiheSAT0411.png,LongxiheSAT0411.png
LongxiheSAT0414.png,LongxiheSAT0414.png
LongxiheSAT0415.png,LongxiheSAT0415.png
LongxiheSAT0420.png,LongxiheSAT0420.png
LongxiheSAT0422.png,LongxiheSAT0422.png
LongxiheSAT0424.png,LongxiheSAT0424.png
LongxiheSAT0427.png,LongxiheSAT0427.png
LongxiheSAT0429.png,LongxiheSAT0429.png
LongxiheSAT0430.png,LongxiheSAT0430.png
LongxiheSAT0432.png,LongxiheSAT0432.png
LongxiheSAT0434.png,LongxiheSAT0434.png
LongxiheSAT0435.png,LongxiheSAT0435.png
LongxiheSAT0437.png,LongxiheSAT0437.png
LongxiheSAT0439.png,LongxiheSAT0439.png
LongxiheSAT0440.png,LongxiheSAT0440.png
LongxiheSAT0441.png,LongxiheSAT0441.png
LongxiheSAT0443.png,LongxiheSAT0443.png
LongxiheSAT0444.png,LongxiheSAT0444.png
LongxiheSAT0445.png,LongxiheSAT0445.png
LongxiheSAT0446.png,LongxiheSAT0446.png
LongxiheSAT0447.png,LongxiheSAT0447.png
LongxiheSAT0448.png,LongxiheSAT0448.png
LongxiheSAT0449.png,LongxiheSAT0449.png
LongxiheSAT0450.png,LongxiheSAT0450.png
LongxiheSAT0451.png,LongxiheSAT0451.png
LongxiheSAT0452.png,LongxiheSAT0452.png
LongxiheSAT0454.png,LongxiheSAT0454.png
LongxiheSAT0455.png,LongxiheSAT0455.png
LongxiheSAT0456.png,LongxiheSAT0456.png
LongxiheSAT0457.png,LongxiheSAT0457.png
LongxiheSAT0458.png,LongxiheSAT0458.png
LongxiheSAT0459.png,LongxiheSAT0459.png
LongxiheSAT0460.png,LongxiheSAT0460.png
LongxiheSAT0464.png,LongxiheSAT0464.png
LongxiheSAT0465.png,LongxiheSAT0465.png
LongxiheSAT0467.png,LongxiheSAT0467.png
LongxiheSAT0469.png,LongxiheSAT0469.png
LongxiheSAT0471.png,LongxiheSAT0471.png
LongxiheSAT0475.png,LongxiheSAT0475.png
LongxiheSAT0477.png,LongxiheSAT0477.png
LongxiheSAT0478.png,LongxiheSAT0478.png
LongxiheSAT0479.png,LongxiheSAT0479.png
LongxiheSAT0480.png,LongxiheSAT0480.png
LongxiheSAT0481.png,LongxiheSAT0481.png
LongxiheSAT0482.png,LongxiheSAT0482.png
LongxiheSAT0483.png,LongxiheSAT0483.png
LongxiheSAT0485.png,LongxiheSAT0485.png
LongxiheSAT0488.png,LongxiheSAT0488.png
LongxiheSAT0492.png,LongxiheSAT0492.png
LongxiheSAT0493.png,LongxiheSAT0493.png
LongxiheSAT0494.png,LongxiheSAT0494.png
LongxiheSAT0496.png,LongxiheSAT0496.png
LongxiheSAT0498.png,LongxiheSAT0498.png
LongxiheSAT0499.png,LongxiheSAT0499.png
LongxiheSAT0501.png,LongxiheSAT0501.png
LongxiheSAT0502.png,LongxiheSAT0502.png
LongxiheSAT0503.png,LongxiheSAT0503.png
LongxiheSAT0504.png,LongxiheSAT0504.png
LongxiheSAT0505.png,LongxiheSAT0505.png
LongxiheSAT0507.png,LongxiheSAT0507.png
LongxiheSAT0508.png,LongxiheSAT0508.png
LongxiheSAT0509.png,LongxiheSAT0509.png
LongxiheSAT0510.png,LongxiheSAT0510.png
LongxiheSAT0511.png,LongxiheSAT0511.png
LongxiheSAT0512.png,LongxiheSAT0512.png
LongxiheSAT0514.png,LongxiheSAT0514.png
LongxiheSAT0517.png,LongxiheSAT0517.png
LongxiheSAT0519.png,LongxiheSAT0519.png
LongxiheSAT0523.png,LongxiheSAT0523.png
LongxiheSAT0526.png,LongxiheSAT0526.png
LongxiheSAT0527.png,LongxiheSAT0527.png
LongxiheSAT0528.png,LongxiheSAT0528.png
LongxiheSAT0531.png,LongxiheSAT0531.png
LongxiheSAT0533.png,LongxiheSAT0533.png
LongxiheSAT0535.png,LongxiheSAT0535.png
LongxiheSAT0537.png,LongxiheSAT0537.png
LongxiheSAT0539.png,LongxiheSAT0539.png
LongxiheSAT0540.png,LongxiheSAT0540.png
LongxiheSAT0543.png,LongxiheSAT0543.png
LongxiheSAT0546.png,LongxiheSAT0546.png
LongxiheSAT0547.png,LongxiheSAT0547.png
LongxiheSAT0549.png,LongxiheSAT0549.png
LongxiheSAT0551.png,LongxiheSAT0551.png
LongxiheSAT0552.png,LongxiheSAT0552.png
LongxiheSAT0553.png,LongxiheSAT0553.png
LongxiheSAT0554.png,LongxiheSAT0554.png
LongxiheSAT0555.png,LongxiheSAT0555.png
LongxiheSAT0556.png,LongxiheSAT0556.png
LongxiheSAT0557.png,LongxiheSAT0557.png
LongxiheSAT0558.png,LongxiheSAT0558.png
LongxiheSAT0559.png,LongxiheSAT0559.png
LongxiheSAT0560.png,LongxiheSAT0560.png
LongxiheSAT0561.png,LongxiheSAT0561.png
LongxiheSAT0562.png,LongxiheSAT0562.png
LongxiheSAT0563.png,LongxiheSAT0563.png
LongxiheSAT0564.png,LongxiheSAT0564.png
LongxiheSAT0565.png,LongxiheSAT0565.png
LongxiheSAT0569.png,LongxiheSAT0569.png
LongxiheSAT0570.png,LongxiheSAT0570.png
LongxiheSAT0571.png,LongxiheSAT0571.png
LongxiheSAT0572.png,LongxiheSAT0572.png
LongxiheSAT0574.png,LongxiheSAT0574.png
LongxiheSAT0575.png,LongxiheSAT0575.png
LongxiheSAT0577.png,LongxiheSAT0577.png
LongxiheSAT0578.png,LongxiheSAT0578.png
LongxiheSAT0579.png,LongxiheSAT0579.png
LongxiheSAT0580.png,LongxiheSAT0580.png
LongxiheSAT0582.png,LongxiheSAT0582.png
LongxiheSAT0583.png,LongxiheSAT0583.png
LongxiheSAT0584.png,LongxiheSAT0584.png
LongxiheSAT0586.png,LongxiheSAT0586.png
LongxiheSAT0587.png,LongxiheSAT0587.png
LongxiheSAT0588.png,LongxiheSAT0588.png
LongxiheSAT0590.png,LongxiheSAT0590.png
LongxiheSAT0591.png,LongxiheSAT0591.png
LongxiheSAT0592.png,LongxiheSAT0592.png
LongxiheSAT0593.png,LongxiheSAT0593.png
LongxiheSAT0594.png,LongxiheSAT0594.png
LongxiheSAT0595.png,LongxiheSAT0595.png
LongxiheSAT0597.png,LongxiheSAT0597.png
LongxiheSAT0599.png,LongxiheSAT0599.png
LongxiheSAT0600.png,LongxiheSAT0600.png
LongxiheSAT0601.png,LongxiheSAT0601.png
LongxiheSAT0602.png,LongxiheSAT0602.png
LongxiheSAT0603.png,LongxiheSAT0603.png
LongxiheSAT0605.png,LongxiheSAT0605.png
LongxiheSAT0606.png,LongxiheSAT0606.png
LongxiheSAT0607.png,LongxiheSAT0607.png
LongxiheSAT0609.png,LongxiheSAT0609.png
LongxiheSAT0610.png,LongxiheSAT0610.png
LongxiheSAT0611.png,LongxiheSAT0611.png
LongxiheSAT0613.png,LongxiheSAT0613.png
LongxiheSAT0614.png,LongxiheSAT0614.png
LongxiheSAT0616.png,LongxiheSAT0616.png
LongxiheSAT0617.png,LongxiheSAT0617.png
LongxiheSAT0618.png,LongxiheSAT0618.png
LongxiheSAT0621.png,LongxiheSAT0621.png
LongxiheSAT0622.png,LongxiheSAT0622.png
LongxiheSAT0623.png,LongxiheSAT0623.png
LongxiheSAT0624.png,LongxiheSAT0624.png
LongxiheSAT0625.png,LongxiheSAT0625.png
LongxiheSAT0627.png,LongxiheSAT0627.png
LongxiheSAT0629.png,LongxiheSAT0629.png
LongxiheSAT0631.png,LongxiheSAT0631.png
LongxiheSAT0632.png,LongxiheSAT0632.png
LongxiheSAT0633.png,LongxiheSAT0633.png
LongxiheSAT0634.png,LongxiheSAT0634.png
LongxiheSAT0635.png,LongxiheSAT0635.png
LongxiheSAT0637.png,LongxiheSAT0637.png
LongxiheSAT0638.png,LongxiheSAT0638.png
LongxiheSAT0639.png,LongxiheSAT0639.png
LongxiheSAT0640.png,LongxiheSAT0640.png
LongxiheSAT0642.png,LongxiheSAT0642.png
LongxiheSAT0644.png,LongxiheSAT0644.png
LongxiheSAT0646.png,LongxiheSAT0646.png
LongxiheSAT0647.png,LongxiheSAT0647.png
LongxiheSAT0648.png,LongxiheSAT0648.png
LongxiheSAT0649.png,LongxiheSAT0649.png
LongxiheSAT0650.png,LongxiheSAT0650.png
LongxiheSAT0651.png,LongxiheSAT0651.png
LongxiheSAT0652.png,LongxiheSAT0652.png
LongxiheSAT0654.png,LongxiheSAT0654.png
LongxiheSAT0656.png,LongxiheSAT0656.png
LongxiheSAT0657.png,LongxiheSAT0657.png
LongxiheSAT0658.png,LongxiheSAT0658.png
LongxiheSAT0659.png,LongxiheSAT0659.png
LongxiheSAT0662.png,LongxiheSAT0662.png
LongxiheSAT0663.png,LongxiheSAT0663.png
LongxiheSAT0664.png,LongxiheSAT0664.png
LongxiheSAT0666.png,LongxiheSAT0666.png
LongxiheSAT0667.png,LongxiheSAT0667.png
LongxiheSAT0670.png,LongxiheSAT0670.png
LongxiheSAT0672.png,LongxiheSAT0672.png
LongxiheSAT0673.png,LongxiheSAT0673.png
LongxiheSAT0674.png,LongxiheSAT0674.png
LongxiheSAT0676.png,LongxiheSAT0676.png
LongxiheSAT0677.png,LongxiheSAT0677.png
LongxiheSAT0679.png,LongxiheSAT0679.png
LongxiheSAT0680.png,LongxiheSAT0680.png
LongxiheSAT0681.png,LongxiheSAT0681.png
LongxiheSAT0682.png,LongxiheSAT0682.png
LongxiheSAT0683.png,LongxiheSAT0683.png
LongxiheSAT0685.png,LongxiheSAT0685.png
LongxiheSAT0687.png,LongxiheSAT0687.png
LongxiheSAT0688.png,LongxiheSAT0688.png
LongxiheSAT0689.png,LongxiheSAT0689.png
LongxiheSAT0690.png,LongxiheSAT0690.png
LongxiheSAT0691.png,LongxiheSAT0691.png
LongxiheSAT0692.png,LongxiheSAT0692.png
LongxiheSAT0694.png,LongxiheSAT0694.png
LongxiheSAT0695.png,LongxiheSAT0695.png
LongxiheSAT0696.png,LongxiheSAT0696.png
LongxiheSAT0697.png,LongxiheSAT0697.png
LongxiheSAT0698.png,LongxiheSAT0698.png
LongxiheSAT0700.png,LongxiheSAT0700.png
LongxiheSAT0701.png,LongxiheSAT0701.png
LongxiheSAT0703.png,LongxiheSAT0703.png
LongxiheSAT0704.png,LongxiheSAT0704.png
LongxiheSAT0705.png,LongxiheSAT0705.png
LongxiheSAT0707.png,LongxiheSAT0707.png
LongxiheSAT0708.png,LongxiheSAT0708.png
LongxiheSAT0712.png,LongxiheSAT0712.png
LongxiheSAT0714.png,LongxiheSAT0714.png
LongxiheSAT0716.png,LongxiheSAT0716.png
LongxiheSAT0717.png,LongxiheSAT0717.png
LongxiheSAT0718.png,LongxiheSAT0718.png
LongxiheSAT0720.png,LongxiheSAT0720.png
LongxiheSAT0721.png,LongxiheSAT0721.png
LongxiheSAT0722.png,LongxiheSAT0722.png
LongxiheSAT0723.png,LongxiheSAT0723.png
LongxiheSAT0724.png,LongxiheSAT0724.png
LongxiheSAT0726.png,LongxiheSAT0726.png
LongxiheSAT0728.png,LongxiheSAT0728.png
LongxiheSAT0729.png,LongxiheSAT0729.png
LongxiheSAT0730.png,LongxiheSAT0730.png
LongxiheSAT0731.png,LongxiheSAT0731.png
LongxiheSAT0732.png,LongxiheSAT0732.png
LongxiheSAT0733.png,LongxiheSAT0733.png
LongxiheSAT0736.png,LongxiheSAT0736.png
LongxiheSAT0737.png,LongxiheSAT0737.png
LongxiheSAT0738.png,LongxiheSAT0738.png
LongxiheSAT0740.png,LongxiheSAT0740.png
LongxiheSAT0741.png,LongxiheSAT0741.png
LongxiheSAT0742.png,LongxiheSAT0742.png
LongxiheSAT0743.png,LongxiheSAT0743.png
LongxiheSAT0744.png,LongxiheSAT0744.png
LongxiheSAT0745.png,LongxiheSAT0745.png
LongxiheSAT0748.png,LongxiheSAT0748.png
LongxiheSAT0749.png,LongxiheSAT0749.png
LongxiheSAT0750.png,LongxiheSAT0750.png
LongxiheSAT0752.png,LongxiheSAT0752.png
LongxiheSAT0753.png,LongxiheSAT0753.png
LongxiheSAT0754.png,LongxiheSAT0754.png
LongxiheSAT0755.png,LongxiheSAT0755.png
LongxiheSAT0756.png,LongxiheSAT0756.png
LongxiheSAT0757.png,LongxiheSAT0757.png
LongxiheSAT0758.png,LongxiheSAT0758.png
LongxiheSAT0760.png,LongxiheSAT0760.png
LongxiheSAT0761.png,LongxiheSAT0761.png
LongxiheSAT0764.png,LongxiheSAT0764.png
LongxiheSAT0765.png,LongxiheSAT0765.png
LongxiheSAT0766.png,LongxiheSAT0766.png
LongxiheSAT0767.png,LongxiheSAT0767.png
LongxiheSAT0768.png,LongxiheSAT0768.png
LongxiheSAT0769.png,LongxiheSAT0769.png
LongxiheSAT0770.png,LongxiheSAT0770.png
LongxiheSAT0771.png,LongxiheSAT0771.png
LongxiheSAT0776.png,LongxiheSAT0776.png
LongxiheSAT0777.png,LongxiheSAT0777.png
LongxiheSAT0780.png,LongxiheSAT0780.png
LongxiheSAT0781.png,LongxiheSAT0781.png
LongxiheSAT0782.png,LongxiheSAT0782.png
LongxiheSAT0783.png,LongxiheSAT0783.png
LongxiheSAT0784.png,LongxiheSAT0784.png
LongxiheSAT0785.png,LongxiheSAT0785.png
LongxiheSAT0786.png,LongxiheSAT0786.png
LongxiheSAT0787.png,LongxiheSAT0787.png
LongxiheSAT0788.png,LongxiheSAT0788.png
LongxiheSAT0790.png,LongxiheSAT0790.png
LongxiheSAT0791.png,LongxiheSAT0791.png
LongxiheSAT0792.png,LongxiheSAT0792.png
LongxiheSAT0795.png,LongxiheSAT0795.png
LongxiheSAT0796.png,LongxiheSAT0796.png
LongxiheSAT0798.png,LongxiheSAT0798.png
LongxiheSAT0799.png,LongxiheSAT0799.png
LongxiheSAT0800.png,LongxiheSAT0800.png
LongxiheSAT0802.png,LongxiheSAT0802.png
LongxiheSAT0804.png,LongxiheSAT0804.png
LongxiheSAT0805.png,LongxiheSAT0805.png
LongxiheSAT0807.png,LongxiheSAT0807.png
LongxiheSAT0809.png,LongxiheSAT0809.png
LongxiheSAT0810.png,LongxiheSAT0810.png
LongxiheSAT0811.png,LongxiheSAT0811.png
LongxiheSAT0812.png,LongxiheSAT0812.png
LongxiheSAT0814.png,LongxiheSAT0814.png
LongxiheSAT0816.png,LongxiheSAT0816.png
LongxiheSAT0818.png,LongxiheSAT0818.png
LongxiheSAT0820.png,LongxiheSAT0820.png
LongxiheSAT0821.png,LongxiheSAT0821.png
LongxiheSAT0822.png,LongxiheSAT0822.png
LongxiheSAT0824.png,LongxiheSAT0824.png
LongxiheSAT0826.png,LongxiheSAT0826.png
LongxiheSAT0827.png,LongxiheSAT0827.png
LongxiheSAT0828.png,LongxiheSAT0828.png
LongxiheSAT0830.png,LongxiheSAT0830.png
LongxiheSAT0831.png,LongxiheSAT0831.png
LongxiheSAT0833.png,LongxiheSAT0833.png
LongxiheSAT0834.png,LongxiheSAT0834.png
LongxiheSAT0835.png,LongxiheSAT0835.png
LongxiheSAT0837.png,LongxiheSAT0837.png
LongxiheSAT0838.png,LongxiheSAT0838.png
LongxiheSAT0840.png,LongxiheSAT0840.png
LongxiheSAT0841.png,LongxiheSAT0841.png
LongxiheSAT0842.png,LongxiheSAT0842.png
LongxiheSAT0843.png,LongxiheSAT0843.png
LongxiheSAT0844.png,LongxiheSAT0844.png
LongxiheSAT0845.png,LongxiheSAT0845.png
LongxiheSAT0850.png,LongxiheSAT0850.png
LongxiheSAT0852.png,LongxiheSAT0852.png
LongxiheSAT0853.png,LongxiheSAT0853.png
LongxiheSAT0855.png,LongxiheSAT0855.png
LongxiheSAT0856.png,LongxiheSAT0856.png
LongxiheSAT0857.png,LongxiheSAT0857.png
LongxiheSAT0858.png,LongxiheSAT0858.png
LongxiheSAT0859.png,LongxiheSAT0859.png
LongxiheSAT0862.png,LongxiheSAT0862.png
LongxiheSAT0863.png,LongxiheSAT0863.png
LongxiheSAT0864.png,LongxiheSAT0864.png
LongxiheSAT0866.png,LongxiheSAT0866.png
LongxiheSAT0867.png,LongxiheSAT0867.png
LongxiheSAT0868.png,LongxiheSAT0868.png
LongxiheSAT0870.png,LongxiheSAT0870.png
LongxiheSAT0872.png,LongxiheSAT0872.png
LongxiheSAT0874.png,LongxiheSAT0874.png
LongxiheSAT0875.png,LongxiheSAT0875.png
LongxiheSAT0876.png,LongxiheSAT0876.png
LongxiheSAT0877.png,LongxiheSAT0877.png
LongxiheSAT0879.png,LongxiheSAT0879.png
LongxiheSAT0881.png,LongxiheSAT0881.png
LongxiheSAT0882.png,LongxiheSAT0882.png
LongxiheSAT0883.png,LongxiheSAT0883.png
LongxiheSAT0886.png,LongxiheSAT0886.png
LongxiheSAT0888.png,LongxiheSAT0888.png
LongxiheSAT0889.png,LongxiheSAT0889.png
LongxiheSAT0892.png,LongxiheSAT0892.png
LongxiheSAT0893.png,LongxiheSAT0893.png
LongxiheSAT0894.png,LongxiheSAT0894.png
LongxiheSAT0895.png,LongxiheSAT0895.png
LongxiheSAT0896.png,LongxiheSAT0896.png
LongxiheSAT0897.png,LongxiheSAT0897.png
LongxiheSAT0898.png,LongxiheSAT0898.png
LongxiheSAT0899.png,LongxiheSAT0899.png
LongxiheSAT0900.png,LongxiheSAT0900.png
LongxiheSAT0901.png,LongxiheSAT0901.png
LongxiheSAT0903.png,LongxiheSAT0903.png
LongxiheSAT0904.png,LongxiheSAT0904.png
LongxiheSAT0906.png,LongxiheSAT0906.png
LongxiheSAT0907.png,LongxiheSAT0907.png
LongxiheSAT0908.png,LongxiheSAT0908.png
LongxiheSAT0910.png,LongxiheSAT0910.png
LongxiheSAT0913.png,LongxiheSAT0913.png
LongxiheSAT0914.png,LongxiheSAT0914.png
LongxiheSAT0915.png,LongxiheSAT0915.png
LongxiheSAT0917.png,LongxiheSAT0917.png
LongxiheSAT0918.png,LongxiheSAT0918.png
LongxiheSAT0919.png,LongxiheSAT0919.png
LongxiheSAT0920.png,LongxiheSAT0920.png
LongxiheSAT0921.png,LongxiheSAT0921.png
LongxiheSAT0922.png,LongxiheSAT0922.png
LongxiheSAT0923.png,LongxiheSAT0923.png
LongxiheSAT0924.png,LongxiheSAT0924.png
LongxiheSAT0925.png,LongxiheSAT0925.png
LongxiheSAT0926.png,LongxiheSAT0926.png
LongxiheSAT0927.png,LongxiheSAT0927.png
LongxiheSAT0929.png,LongxiheSAT0929.png
LongxiheSAT0931.png,LongxiheSAT0931.png
LongxiheSAT0932.png,LongxiheSAT0932.png
LongxiheSAT0933.png,LongxiheSAT0933.png
LongxiheSAT0934.png,LongxiheSAT0934.png
LongxiheSAT0937.png,LongxiheSAT0937.png
LongxiheSAT0938.png,LongxiheSAT0938.png
LongxiheSAT0939.png,LongxiheSAT0939.png
LongxiheSAT0940.png,LongxiheSAT0940.png
LongxiheSAT0942.png,LongxiheSAT0942.png
LongxiheSAT0943.png,LongxiheSAT0943.png
LongxiheSAT0944.png,LongxiheSAT0944.png
LongxiheSAT0945.png,LongxiheSAT0945.png
LongxiheSAT0946.png,LongxiheSAT0946.png
LongxiheSAT0949.png,LongxiheSAT0949.png
LongxiheSAT0951.png,LongxiheSAT0951.png
LongxiheSAT0952.png,LongxiheSAT0952.png
LongxiheSAT0953.png,LongxiheSAT0953.png
LongxiheSAT0955.png,LongxiheSAT0955.png
LongxiheSAT0958.png,LongxiheSAT0958.png
LongxiheSAT0959.png,LongxiheSAT0959.png
LongxiheSAT0960.png,LongxiheSAT0960.png
LongxiheSAT0961.png,LongxiheSAT0961.png
LongxiheSAT0962.png,LongxiheSAT0962.png
LongxiheSAT0964.png,LongxiheSAT0964.png
LongxiheSAT0965.png,LongxiheSAT0965.png
LongxiheSAT0968.png,LongxiheSAT0968.png
LongxiheSAT0969.png,LongxiheSAT0969.png
LongxiheSAT0970.png,LongxiheSAT0970.png
LongxiheSAT0972.png,LongxiheSAT0972.png
LongxiheSAT0973.png,LongxiheSAT0973.png
LongxiheSAT0974.png,LongxiheSAT0974.png
LongxiheSAT0975.png,LongxiheSAT0975.png
LongxiheSAT0976.png,LongxiheSAT0976.png
LongxiheSAT0978.png,LongxiheSAT0978.png
LongxiheSAT0979.png,LongxiheSAT0979.png
LongxiheSAT0980.png,LongxiheSAT0980.png
LongxiheSAT0983.png,LongxiheSAT0983.png
LongxiheSAT0984.png,LongxiheSAT0984.png
LongxiheSAT0986.png,LongxiheSAT0986.png
LongxiheSAT0987.png,LongxiheSAT0987.png
LongxiheSAT0988.png,LongxiheSAT0988.png
LongxiheSAT0989.png,LongxiheSAT0989.png
LongxiheSAT0990.png,LongxiheSAT0990.png
LongxiheSAT0992.png,LongxiheSAT0992.png
LongxiheSAT0993.png,LongxiheSAT0993.png
LongxiheSAT0994.png,LongxiheSAT0994.png
LongxiheSAT0996.png,LongxiheSAT0996.png
LongxiheSAT0997.png,LongxiheSAT0997.png
LongxiheSAT1000.png,LongxiheSAT1000.png
LongxiheSAT1001.png,LongxiheSAT1001.png
LongxiheSAT1002.png,LongxiheSAT1002.png
LongxiheSAT1004.png,LongxiheSAT1004.png
LongxiheSAT1006.png,LongxiheSAT1006.png
LongxiheSAT1007.png,LongxiheSAT1007.png
LongxiheSAT1008.png,LongxiheSAT1008.png
LongxiheSAT1009.png,LongxiheSAT1009.png
LongxiheSAT1010.png,LongxiheSAT1010.png
LongxiheSAT1011.png,LongxiheSAT1011.png
LongxiheSAT1012.png,LongxiheSAT1012.png
LongxiheSAT1014.png,LongxiheSAT1014.png
LongxiheSAT1016.png,LongxiheSAT1016.png
LongxiheSAT1017.png,LongxiheSAT1017.png
LongxiheSAT1020.png,LongxiheSAT1020.png
LongxiheSAT1021.png,LongxiheSAT1021.png
LongxiheSAT1022.png,LongxiheSAT1022.png
LongxiheSAT1023.png,LongxiheSAT1023.png
LongxiheSAT1024.png,LongxiheSAT1024.png
LongxiheSAT1027.png,LongxiheSAT1027.png
LongxiheSAT1028.png,LongxiheSAT1028.png
LongxiheSAT1030.png,LongxiheSAT1030.png
LongxiheSAT1031.png,LongxiheSAT1031.png
LongxiheSAT1039.png,LongxiheSAT1039.png
LongxiheSAT1043.png,LongxiheSAT1043.png
LongxiheSAT1045.png,LongxiheSAT1045.png
LongxiheSAT1046.png,LongxiheSAT1046.png
LongxiheSAT1047.png,LongxiheSAT1047.png
LongxiheSAT1051.png,LongxiheSAT1051.png
LongxiheSAT1056.png,LongxiheSAT1056.png
LongxiheSAT1057.png,LongxiheSAT1057.png
LongxiheSAT1058.png,LongxiheSAT1058.png
LongxiheSAT1059.png,LongxiheSAT1059.png
LongxiheSAT1060.png,LongxiheSAT1060.png
LongxiheSAT1062.png,LongxiheSAT1062.png
LongxiheSAT1063.png,LongxiheSAT1063.png
LongxiheSAT1064.png,LongxiheSAT1064.png
LongxiheSAT1068.png,LongxiheSAT1068.png
LongxiheSAT1071.png,LongxiheSAT1071.png
LongxiheSAT1072.png,LongxiheSAT1072.png
LongxiheSAT1073.png,LongxiheSAT1073.png
LongxiheSAT1074.png,LongxiheSAT1074.png
LongxiheSAT1075.png,LongxiheSAT1075.png
LongxiheSAT1076.png,LongxiheSAT1076.png
LongxiheSAT1077.png,LongxiheSAT1077.png
LongxiheSAT1078.png,LongxiheSAT1078.png
LongxiheSAT1079.png,LongxiheSAT1079.png
LongxiheSAT1080.png,LongxiheSAT1080.png
LongxiheSAT1081.png,LongxiheSAT1081.png
LongxiheSAT1082.png,LongxiheSAT1082.png
LongxiheSAT1083.png,LongxiheSAT1083.png
LongxiheSAT1084.png,LongxiheSAT1084.png
LongxiheSAT1085.png,LongxiheSAT1085.png
LongxiheSAT1086.png,LongxiheSAT1086.png
LongxiheSAT1087.png,LongxiheSAT1087.png
LongxiheSAT1088.png,LongxiheSAT1088.png
LongxiheSAT1090.png,LongxiheSAT1090.png
LongxiheSAT1093.png,LongxiheSAT1093.png
LongxiheSAT1095.png,LongxiheSAT1095.png
LongxiheSAT1096.png,LongxiheSAT1096.png
LongxiheSAT1097.png,LongxiheSAT1097.png
LongxiheSAT1099.png,LongxiheSAT1099.png
LongxiheSAT1100.png,LongxiheSAT1100.png
LongxiheSAT1101.png,LongxiheSAT1101.png
LongxiheSAT1102.png,LongxiheSAT1102.png
LongxiheSAT1104.png,LongxiheSAT1104.png
LongxiheSAT1108.png,LongxiheSAT1108.png
LongxiheSAT1111.png,LongxiheSAT1111.png
LongxiheSAT1112.png,LongxiheSAT1112.png
LongxiheSAT1113.png,LongxiheSAT1113.png
LongxiheSAT1115.png,LongxiheSAT1115.png
LongxiheSAT1117.png,LongxiheSAT1117.png
LongxiheSAT1119.png,LongxiheSAT1119.png
LongxiheSAT1120.png,LongxiheSAT1120.png
LongxiheSAT1122.png,LongxiheSAT1122.png
LongxiheSAT1123.png,LongxiheSAT1123.png
LongxiheSAT1124.png,LongxiheSAT1124.png
LongxiheSAT1125.png,LongxiheSAT1125.png
LongxiheSAT1127.png,LongxiheSAT1127.png
LongxiheSAT1128.png,LongxiheSAT1128.png
LongxiheSAT1129.png,LongxiheSAT1129.png
LongxiheSAT1130.png,LongxiheSAT1130.png
LongxiheSAT1131.png,LongxiheSAT1131.png
LongxiheSAT1133.png,LongxiheSAT1133.png
LongxiheSAT1134.png,LongxiheSAT1134.png
LongxiheSAT1135.png,LongxiheSAT1135.png
LongxiheSAT1137.png,LongxiheSAT1137.png
LongxiheSAT1138.png,LongxiheSAT1138.png
LongxiheSAT1139.png,LongxiheSAT1139.png
LongxiheSAT1140.png,LongxiheSAT1140.png
LongxiheSAT1141.png,LongxiheSAT1141.png
LongxiheSAT1142.png,LongxiheSAT1142.png
LongxiheSAT1144.png,LongxiheSAT1144.png
LongxiheSAT1145.png,LongxiheSAT1145.png
LongxiheSAT1146.png,LongxiheSAT1146.png
LongxiheSAT1148.png,LongxiheSAT1148.png
LongxiheSAT1149.png,LongxiheSAT1149.png
LongxiheSAT1150.png,LongxiheSAT1150.png
LongxiheSAT1151.png,LongxiheSAT1151.png
LongxiheSAT1154.png,LongxiheSAT1154.png
LongxiheSAT1157.png,LongxiheSAT1157.png
LongxiheSAT1158.png,LongxiheSAT1158.png
LongxiheSAT1159.png,LongxiheSAT1159.png
LongxiheSAT1160.png,LongxiheSAT1160.png
LongxiheSAT1161.png,LongxiheSAT1161.png
LongxiheSAT1162.png,LongxiheSAT1162.png
LongxiheSAT1164.png,LongxiheSAT1164.png
LongxiheSAT1165.png,LongxiheSAT1165.png
LongxiheSAT1166.png,LongxiheSAT1166.png
LongxiheSAT1167.png,LongxiheSAT1167.png
LongxiheSAT1169.png,LongxiheSAT1169.png
LongxiheSAT1170.png,LongxiheSAT1170.png
LongxiheSAT1171.png,LongxiheSAT1171.png
LongxiheSAT1172.png,LongxiheSAT1172.png
LongxiheSAT1174.png,LongxiheSAT1174.png
LongxiheSAT1175.png,LongxiheSAT1175.png
LongxiheSAT1179.png,LongxiheSAT1179.png
LongxiheSAT1180.png,LongxiheSAT1180.png
LongxiheSAT1182.png,LongxiheSAT1182.png
LongxiheSAT1183.png,LongxiheSAT1183.png
LongxiheSAT1184.png,LongxiheSAT1184.png
LongxiheSAT1186.png,LongxiheSAT1186.png
LongxiheSAT1187.png,LongxiheSAT1187.png
LongxiheSAT1189.png,LongxiheSAT1189.png
LongxiheSAT1190.png,LongxiheSAT1190.png
LongxiheSAT1191.png,LongxiheSAT1191.png
LongxiheSAT1192.png,LongxiheSAT1192.png
LongxiheSAT1196.png,LongxiheSAT1196.png
LongxiheSAT1197.png,LongxiheSAT1197.png
LongxiheSAT1198.png,LongxiheSAT1198.png
LongxiheSAT1199.png,LongxiheSAT1199.png
LongxiheSAT1200.png,LongxiheSAT1200.png
LongxiheSAT1201.png,LongxiheSAT1201.png
LongxiheSAT1202.png,LongxiheSAT1202.png
LongxiheSAT1203.png,LongxiheSAT1203.png
LongxiheSAT1204.png,LongxiheSAT1204.png
LongxiheSAT1205.png,LongxiheSAT1205.png
LongxiheSAT1206.png,LongxiheSAT1206.png
LongxiheSAT1207.png,LongxiheSAT1207.png
LongxiheSAT1209.png,LongxiheSAT1209.png
LongxiheSAT1210.png,LongxiheSAT1210.png
LongxiheSAT1211.png,LongxiheSAT1211.png
LongxiheSAT1212.png,LongxiheSAT1212.png
LongxiheSAT1213.png,LongxiheSAT1213.png
LongxiheSAT1214.png,LongxiheSAT1214.png
LongxiheSAT1215.png,LongxiheSAT1215.png
LongxiheSAT1216.png,LongxiheSAT1216.png
LongxiheSAT1219.png,LongxiheSAT1219.png
LongxiheSAT1220.png,LongxiheSAT1220.png
LongxiheSAT1221.png,LongxiheSAT1221.png
LongxiheSAT1222.png,LongxiheSAT1222.png
LongxiheSAT1224.png,LongxiheSAT1224.png
LongxiheSAT1225.png,LongxiheSAT1225.png
LongxiheSAT1226.png,LongxiheSAT1226.png
LongxiheSAT1230.png,LongxiheSAT1230.png
LongxiheSAT1231.png,LongxiheSAT1231.png
LongxiheSAT1232.png,LongxiheSAT1232.png
LongxiheSAT1233.png,LongxiheSAT1233.png
LongxiheSAT1234.png,LongxiheSAT1234.png
LongxiheSAT1235.png,LongxiheSAT1235.png
LongxiheSAT1238.png,LongxiheSAT1238.png
LongxiheSAT1239.png,LongxiheSAT1239.png
LongxiheSAT1240.png,LongxiheSAT1240.png
LongxiheSAT1241.png,LongxiheSAT1241.png
LongxiheSAT1242.png,LongxiheSAT1242.png
LongxiheSAT1244.png,LongxiheSAT1244.png
LongxiheSAT1245.png,LongxiheSAT1245.png
LongxiheSAT1246.png,LongxiheSAT1246.png
LongxiheSAT1247.png,LongxiheSAT1247.png
LongxiheSAT1249.png,LongxiheSAT1249.png
LongxiheSAT1250.png,LongxiheSAT1250.png
LongxiheSAT1251.png,LongxiheSAT1251.png
LongxiheSAT1252.png,LongxiheSAT1252.png
LongxiheSAT1253.png,LongxiheSAT1253.png
LongxiheSAT1254.png,LongxiheSAT1254.png
LongxiheSAT1257.png,LongxiheSAT1257.png
LongxiheSAT1261.png,LongxiheSAT1261.png
LongxiheSAT1262.png,LongxiheSAT1262.png
LongxiheSAT1263.png,LongxiheSAT1263.png
LongxiheSAT1264.png,LongxiheSAT1264.png
LongxiheSAT1265.png,LongxiheSAT1265.png
LongxiheSAT1266.png,LongxiheSAT1266.png
LongxiheSAT1268.png,LongxiheSAT1268.png
LongxiheSAT1269.png,LongxiheSAT1269.png
LongxiheSAT1270.png,LongxiheSAT1270.png
LongxiheSAT1271.png,LongxiheSAT1271.png
LongxiheSAT1272.png,LongxiheSAT1272.png
LongxiheSAT1274.png,LongxiheSAT1274.png
LongxiheSAT1275.png,LongxiheSAT1275.png
LongxiheSAT1276.png,LongxiheSAT1276.png
LongxiheSAT1277.png,LongxiheSAT1277.png
LongxiheSAT1278.png,LongxiheSAT1278.png
LongxiheSAT1279.png,LongxiheSAT1279.png
LongxiheSAT1280.png,LongxiheSAT1280.png
LongxiheSAT1287.png,LongxiheSAT1287.png
LongxiheSAT1289.png,LongxiheSAT1289.png
LongxiheSAT1291.png,LongxiheSAT1291.png
LongxiheSAT1292.png,LongxiheSAT1292.png
LongxiheSAT1293.png,LongxiheSAT1293.png
LongxiheSAT1294.png,LongxiheSAT1294.png
LongxiheSAT1295.png,LongxiheSAT1295.png
LongxiheSAT1296.png,LongxiheSAT1296.png
LongxiheSAT1299.png,LongxiheSAT1299.png
LongxiheSAT1300.png,LongxiheSAT1300.png
LongxiheSAT1301.png,LongxiheSAT1301.png
LongxiheSAT1302.png,LongxiheSAT1302.png
LongxiheSAT1304.png,LongxiheSAT1304.png
LongxiheSAT1305.png,LongxiheSAT1305.png
LongxiheSAT1307.png,LongxiheSAT1307.png
LongxiheSAT1308.png,LongxiheSAT1308.png
LongxiheSAT1309.png,LongxiheSAT1309.png
LongxiheSAT1312.png,LongxiheSAT1312.png
LongxiheSAT1313.png,LongxiheSAT1313.png
LongxiheSAT1314.png,LongxiheSAT1314.png
LongxiheSAT1315.png,LongxiheSAT1315.png
LongxiheSAT1316.png,LongxiheSAT1316.png
LongxiheSAT1318.png,LongxiheSAT1318.png
LongxiheSAT1319.png,LongxiheSAT1319.png
LongxiheSAT1320.png,LongxiheSAT1320.png
LongxiheSAT1325.png,LongxiheSAT1325.png
LongxiheSAT1326.png,LongxiheSAT1326.png
LongxiheSAT1327.png,LongxiheSAT1327.png
LongxiheSAT1328.png,LongxiheSAT1328.png
LongxiheSAT1329.png,LongxiheSAT1329.png
LongxiheSAT1331.png,LongxiheSAT1331.png
LongxiheSAT1332.png,LongxiheSAT1332.png
LongxiheSAT1333.png,LongxiheSAT1333.png
LongxiheSAT1335.png,LongxiheSAT1335.png
LongxiheSAT1336.png,LongxiheSAT1336.png
LongxiheSAT1338.png,LongxiheSAT1338.png
LongxiheSAT1339.png,LongxiheSAT1339.png
LongxiheSAT1340.png,LongxiheSAT1340.png
LongxiheSAT1341.png,LongxiheSAT1341.png
LongxiheSAT1342.png,LongxiheSAT1342.png
LongxiheSAT1344.png,LongxiheSAT1344.png
LongxiheSAT1345.png,LongxiheSAT1345.png
LongxiheSAT1350.png,LongxiheSAT1350.png
LongxiheSAT1351.png,LongxiheSAT1351.png
LongxiheSAT1352.png,LongxiheSAT1352.png
LongxiheSAT1353.png,LongxiheSAT1353.png
LongxiheSAT1355.png,LongxiheSAT1355.png
LongxiheSAT1356.png,LongxiheSAT1356.png
LongxiheSAT1358.png,LongxiheSAT1358.png
LongxiheSAT1359.png,LongxiheSAT1359.png
LongxiheSAT1362.png,LongxiheSAT1362.png
LongxiheSAT1364.png,LongxiheSAT1364.png
LongxiheSAT1365.png,LongxiheSAT1365.png
LongxiheSAT1366.png,LongxiheSAT1366.png
LongxiheSAT1367.png,LongxiheSAT1367.png
LongxiheSAT1369.png,LongxiheSAT1369.png
LongxiheSAT1370.png,LongxiheSAT1370.png
LongxiheSAT1371.png,LongxiheSAT1371.png
LongxiheSAT1373.png,LongxiheSAT1373.png
LongxiheSAT1375.png,LongxiheSAT1375.png
LongxiheSAT1376.png,LongxiheSAT1376.png
LongxiheSAT1377.png,LongxiheSAT1377.png
LongxiheSAT1378.png,LongxiheSAT1378.png
LongxiheSAT1381.png,LongxiheSAT1381.png
LongxiheSAT1383.png,LongxiheSAT1383.png
LongxiheSAT1385.png,LongxiheSAT1385.png
LongxiheSAT1386.png,LongxiheSAT1386.png
LongxiheSAT1389.png,LongxiheSAT1389.png
LongxiheSAT1390.png,LongxiheSAT1390.png
LongxiheSAT1391.png,LongxiheSAT1391.png
LongxiheSAT1392.png,LongxiheSAT1392.png
LongxiheSAT1393.png,LongxiheSAT1393.png
LongxiheSAT1394.png,LongxiheSAT1394.png
LongxiheSAT1395.png,LongxiheSAT1395.png
LongxiheSAT1396.png,LongxiheSAT1396.png
LongxiheSAT1398.png,LongxiheSAT1398.png
LongxiheSAT1399.png,LongxiheSAT1399.png
LongxiheSAT1400.png,LongxiheSAT1400.png
LongxiheSAT1401.png,LongxiheSAT1401.png
LongxiheSAT1402.png,LongxiheSAT1402.png
LongxiheSAT1403.png,LongxiheSAT1403.png
LongxiheSAT1404.png,LongxiheSAT1404.png
LongxiheSAT1405.png,LongxiheSAT1405.png
LongxiheSAT1406.png,LongxiheSAT1406.png
LongxiheSAT1407.png,LongxiheSAT1407.png
LongxiheSAT1408.png,LongxiheSAT1408.png
LongxiheSAT1410.png,LongxiheSAT1410.png
LongxiheSAT1411.png,LongxiheSAT1411.png
LongxiheSAT1413.png,LongxiheSAT1413.png
LongxiheSAT1416.png,LongxiheSAT1416.png
LongxiheSAT1417.png,LongxiheSAT1417.png
LongxiheSAT1419.png,LongxiheSAT1419.png
LongxiheSAT1420.png,LongxiheSAT1420.png
LongxiheSAT1421.png,LongxiheSAT1421.png
LongxiheSAT1423.png,LongxiheSAT1423.png
LongxiheSAT1424.png,LongxiheSAT1424.png
LongxiheSAT1425.png,LongxiheSAT1425.png
LongxiheSAT1426.png,LongxiheSAT1426.png
LongxiheSAT1429.png,LongxiheSAT1429.png
LongxiheSAT1430.png,LongxiheSAT1430.png
LongxiheSAT1431.png,LongxiheSAT1431.png
LongxiheSAT1432.png,LongxiheSAT1432.png
LongxiheSAT1436.png,LongxiheSAT1436.png
LongxiheSAT1438.png,LongxiheSAT1438.png
LongxiheSAT1439.png,LongxiheSAT1439.png
LongxiheSAT1440.png,LongxiheSAT1440.png
LongxiheSAT1441.png,LongxiheSAT1441.png
LongxiheSAT1442.png,LongxiheSAT1442.png
LongxiheSAT1443.png,LongxiheSAT1443.png
LongxiheSAT1444.png,LongxiheSAT1444.png
LongxiheSAT1445.png,LongxiheSAT1445.png
LongxiheSAT1446.png,LongxiheSAT1446.png
LongxiheSAT1448.png,LongxiheSAT1448.png
LongxiheSAT1449.png,LongxiheSAT1449.png
LongxiheSAT1450.png,LongxiheSAT1450.png
LongxiheSAT1451.png,LongxiheSAT1451.png
LongxiheSAT1452.png,LongxiheSAT1452.png
LongxiheSAT1454.png,LongxiheSAT1454.png
LongxiheSAT1456.png,LongxiheSAT1456.png
LongxiheSAT1457.png,LongxiheSAT1457.png
LongxiheSAT1458.png,LongxiheSAT1458.png
LongxiheSAT1459.png,LongxiheSAT1459.png
LongxiheSAT1461.png,LongxiheSAT1461.png
LongxiheSAT1463.png,LongxiheSAT1463.png
LongxiheSAT1464.png,LongxiheSAT1464.png
LongxiheSAT1465.png,LongxiheSAT1465.png
LongxiheSAT1469.png,LongxiheSAT1469.png
LongxiheSAT1470.png,LongxiheSAT1470.png
LongxiheSAT1473.png,LongxiheSAT1473.png
LongxiheSAT1474.png,LongxiheSAT1474.png
LongxiheSAT1475.png,LongxiheSAT1475.png
LongxiheSAT1476.png,LongxiheSAT1476.png
LongxiheSAT1477.png,LongxiheSAT1477.png
LongxiheSAT1478.png,LongxiheSAT1478.png
LongxiheSAT1479.png,LongxiheSAT1479.png
LongxiheSAT1481.png,LongxiheSAT1481.png
LongxiheSAT1483.png,LongxiheSAT1483.png
LongxiheSAT1484.png,LongxiheSAT1484.png
LongxiheSAT1485.png,LongxiheSAT1485.png
LongxiheSAT1488.png,LongxiheSAT1488.png
LongxiheSAT1489.png,LongxiheSAT1489.png
LongxiheSAT1490.png,LongxiheSAT1490.png
LongxiheSAT1491.png,LongxiheSAT1491.png
LongxiheSAT1492.png,LongxiheSAT1492.png
LongxiheSAT1493.png,LongxiheSAT1493.png
LongxiheSAT1494.png,LongxiheSAT1494.png
LongxiheSAT1495.png,LongxiheSAT1495.png
LongxiheSAT1496.png,LongxiheSAT1496.png
LongxiheSAT1497.png,LongxiheSAT1497.png
LongxiheSAT1498.png,LongxiheSAT1498.png
LongxiheSAT1499.png,LongxiheSAT1499.png
LongxiheSAT1500.png,LongxiheSAT1500.png
LongxiheSAT1501.png,LongxiheSAT1501.png
LongxiheSAT1502.png,LongxiheSAT1502.png
LongxiheSAT1503.png,LongxiheSAT1503.png
LongxiheSAT1504.png,LongxiheSAT1504.png
LongxiheSAT1505.png,LongxiheSAT1505.png
LongxiheSAT1506.png,LongxiheSAT1506.png
LongxiheSAT1507.png,LongxiheSAT1507.png
LongxiheSAT1508.png,LongxiheSAT1508.png
LongxiheSAT1509.png,LongxiheSAT1509.png
LongxiheSAT1511.png,LongxiheSAT1511.png
LongxiheSAT1512.png,LongxiheSAT1512.png
LongxiheSAT1513.png,LongxiheSAT1513.png
LongxiheSAT1514.png,LongxiheSAT1514.png
LongxiheSAT1516.png,LongxiheSAT1516.png
LongxiheSAT1518.png,LongxiheSAT1518.png
LongxiheSAT1523.png,LongxiheSAT1523.png
LongxiheSAT1524.png,LongxiheSAT1524.png
LongxiheSAT1525.png,LongxiheSAT1525.png
LongxiheSAT1526.png,LongxiheSAT1526.png
LongxiheSAT1527.png,LongxiheSAT1527.png
LongxiheSAT1528.png,LongxiheSAT1528.png
LongxiheSAT1531.png,LongxiheSAT1531.png
LongxiheSAT1534.png,LongxiheSAT1534.png
LongxiheSAT1535.png,LongxiheSAT1535.png
LongxiheSAT1536.png,LongxiheSAT1536.png
LongxiheSAT1537.png,LongxiheSAT1537.png
LongxiheSAT1539.png,LongxiheSAT1539.png
LongxiheSAT1540.png,LongxiheSAT1540.png
LongxiheSAT1541.png,LongxiheSAT1541.png
LongxiheSAT1542.png,LongxiheSAT1542.png
LongxiheSAT1545.png,LongxiheSAT1545.png
LongxiheSAT1547.png,LongxiheSAT1547.png
LongxiheSAT1548.png,LongxiheSAT1548.png
LongxiheSAT1549.png,LongxiheSAT1549.png
LongxiheSAT1550.png,LongxiheSAT1550.png
LongxiheSAT1554.png,LongxiheSAT1554.png
LongxiheSAT1555.png,LongxiheSAT1555.png
LongxiheSAT1557.png,LongxiheSAT1557.png
LongxiheSAT1560.png,LongxiheSAT1560.png
LongxiheSAT1563.png,LongxiheSAT1563.png
LongxiheSAT1564.png,LongxiheSAT1564.png
LongxiheSAT1565.png,LongxiheSAT1565.png
LongxiheSAT1566.png,LongxiheSAT1566.png
LongxiheSAT1568.png,LongxiheSAT1568.png
LongxiheSAT1569.png,LongxiheSAT1569.png
LongxiheSAT1571.png,LongxiheSAT1571.png
LongxiheSAT1573.png,LongxiheSAT1573.png
LongxiheSAT1574.png,LongxiheSAT1574.png
LongxiheSAT1576.png,LongxiheSAT1576.png
LongxiheSAT1578.png,LongxiheSAT1578.png
LongxiheSAT1579.png,LongxiheSAT1579.png
LongxiheSAT1580.png,LongxiheSAT1580.png
LongxiheSAT1582.png,LongxiheSAT1582.png
LongxiheSAT1583.png,LongxiheSAT1583.png
LongxiheSAT1584.png,LongxiheSAT1584.png
LongxiheSAT1585.png,LongxiheSAT1585.png
LongxiheSAT1586.png,LongxiheSAT1586.png
LongxiheSAT1587.png,LongxiheSAT1587.png
LongxiheSAT1588.png,LongxiheSAT1588.png
LongxiheSAT1590.png,LongxiheSAT1590.png
LongxiheSAT1593.png,LongxiheSAT1593.png
LongxiheSAT1594.png,LongxiheSAT1594.png
LongxiheSAT1595.png,LongxiheSAT1595.png
LongxiheSAT1596.png,LongxiheSAT1596.png
LongxiheSAT1597.png,LongxiheSAT1597.png
LongxiheSAT1598.png,LongxiheSAT1598.png
LongxiheSAT1601.png,LongxiheSAT1601.png
LongxiheSAT1602.png,LongxiheSAT1602.png
LongxiheSAT1603.png,LongxiheSAT1603.png
LongxiheSAT1606.png,LongxiheSAT1606.png
LongxiheSAT1607.png,LongxiheSAT1607.png
LongxiheSAT1608.png,LongxiheSAT1608.png
LongxiheSAT1609.png,LongxiheSAT1609.png
LongxiheSAT1610.png,LongxiheSAT1610.png
LongxiheSAT1612.png,LongxiheSAT1612.png
LongxiheSAT1614.png,LongxiheSAT1614.png
LongxiheSAT1617.png,LongxiheSAT1617.png
LongxiheSAT1618.png,LongxiheSAT1618.png
LongxiheSAT1619.png,LongxiheSAT1619.png
LongxiheSAT1620.png,LongxiheSAT1620.png
LongxiheSAT1622.png,LongxiheSAT1622.png
LongxiheSAT1623.png,LongxiheSAT1623.png
LongxiheSAT1624.png,LongxiheSAT1624.png
LongxiheSAT1626.png,LongxiheSAT1626.png
LongxiheSAT1627.png,LongxiheSAT1627.png
LongxiheSAT1629.png,LongxiheSAT1629.png
LongxiheSAT1631.png,LongxiheSAT1631.png
LongxiheSAT1633.png,LongxiheSAT1633.png
LongxiheSAT1634.png,LongxiheSAT1634.png
LongxiheSAT1635.png,LongxiheSAT1635.png
LongxiheSAT1638.png,LongxiheSAT1638.png
LongxiheSAT1639.png,LongxiheSAT1639.png
LongxiheSAT1640.png,LongxiheSAT1640.png
LongxiheSAT1642.png,LongxiheSAT1642.png
LongxiheSAT1643.png,LongxiheSAT1643.png
LongxiheSAT1645.png,LongxiheSAT1645.png
LongxiheSAT1646.png,LongxiheSAT1646.png
LongxiheSAT1647.png,LongxiheSAT1647.png
LongxiheSAT1648.png,LongxiheSAT1648.png
LongxiheSAT1650.png,LongxiheSAT1650.png
LongxiheSAT1651.png,LongxiheSAT1651.png
LongxiheSAT1652.png,LongxiheSAT1652.png
LongxiheSAT1653.png,LongxiheSAT1653.png
LongxiheSAT1654.png,LongxiheSAT1654.png
LongxiheSAT1656.png,LongxiheSAT1656.png
LongxiheSAT1657.png,LongxiheSAT1657.png
LongxiheSAT1658.png,LongxiheSAT1658.png
LongxiheSAT1659.png,LongxiheSAT1659.png
LongxiheSAT1660.png,LongxiheSAT1660.png
LongxiheSAT1662.png,LongxiheSAT1662.png
LongxiheSAT1663.png,LongxiheSAT1663.png
LongxiheSAT1669.png,LongxiheSAT1669.png
LongxiheSAT1670.png,LongxiheSAT1670.png
LongxiheSAT1672.png,LongxiheSAT1672.png
LongxiheSAT1675.png,LongxiheSAT1675.png
LongxiheSAT1677.png,LongxiheSAT1677.png
LongxiheSAT1678.png,LongxiheSAT1678.png
LongxiheSAT1679.png,LongxiheSAT1679.png
LongxiheSAT1680.png,LongxiheSAT1680.png
LongxiheSAT1681.png,LongxiheSAT1681.png
LongxiheSAT1683.png,LongxiheSAT1683.png
LongxiheSAT1684.png,LongxiheSAT1684.png
LongxiheSAT1685.png,LongxiheSAT1685.png
LongxiheSAT1686.png,LongxiheSAT1686.png
LongxiheSAT1687.png,LongxiheSAT1687.png
LongxiheSAT1689.png,LongxiheSAT1689.png
LongxiheSAT1691.png,LongxiheSAT1691.png
LongxiheSAT1692.png,LongxiheSAT1692.png
LongxiheSAT1693.png,LongxiheSAT1693.png
LongxiheSAT1694.png,LongxiheSAT1694.png
LongxiheSAT1696.png,LongxiheSAT1696.png
LongxiheSAT1697.png,LongxiheSAT1697.png
LongxiheSAT1698.png,LongxiheSAT1698.png
LongxiheSAT1699.png,LongxiheSAT1699.png
LongxiheSAT1700.png,LongxiheSAT1700.png
LongxiheSAT1701.png,LongxiheSAT1701.png
LongxiheSAT1702.png,LongxiheSAT1702.png
LongxiheSAT1703.png,LongxiheSAT1703.png
LongxiheSAT1704.png,LongxiheSAT1704.png
LongxiheSAT1705.png,LongxiheSAT1705.png
LongxiheSAT1706.png,LongxiheSAT1706.png
LongxiheSAT1707.png,LongxiheSAT1707.png
LongxiheSAT1708.png,LongxiheSAT1708.png
LongxiheSAT1709.png,LongxiheSAT1709.png
LongxiheSAT1710.png,LongxiheSAT1710.png
LongxiheSAT1711.png,LongxiheSAT1711.png
LongxiheSAT1712.png,LongxiheSAT1712.png
LongxiheSAT1713.png,LongxiheSAT1713.png
LongxiheSAT1714.png,LongxiheSAT1714.png
LongxiheSAT1715.png,LongxiheSAT1715.png
LongxiheSAT1716.png,LongxiheSAT1716.png
LongxiheSAT1718.png,LongxiheSAT1718.png
LongxiheSAT1720.png,LongxiheSAT1720.png
LongxiheSAT1723.png,LongxiheSAT1723.png
LongxiheSAT1725.png,LongxiheSAT1725.png
LongxiheSAT1727.png,LongxiheSAT1727.png
LongxiheSAT1729.png,LongxiheSAT1729.png
LongxiheSAT1731.png,LongxiheSAT1731.png
LongxiheSAT1732.png,LongxiheSAT1732.png
LongxiheSAT1734.png,LongxiheSAT1734.png
LongxiheSAT1735.png,LongxiheSAT1735.png
LongxiheSAT1736.png,LongxiheSAT1736.png
LongxiheSAT1738.png,LongxiheSAT1738.png
LongxiheSAT1739.png,LongxiheSAT1739.png
LongxiheSAT1740.png,LongxiheSAT1740.png
LongxiheSAT1741.png,LongxiheSAT1741.png
LongxiheSAT1743.png,LongxiheSAT1743.png
LongxiheSAT1744.png,LongxiheSAT1744.png
LongxiheSAT1746.png,LongxiheSAT1746.png
LongxiheSAT1747.png,LongxiheSAT1747.png
LongxiheSAT1748.png,LongxiheSAT1748.png
LongxiheSAT1749.png,LongxiheSAT1749.png
LongxiheSAT1750.png,LongxiheSAT1750.png
LongxiheSAT1752.png,LongxiheSAT1752.png
LongxiheSAT1753.png,LongxiheSAT1753.png
LongxiheSAT1754.png,LongxiheSAT1754.png
LongxiheSAT1758.png,LongxiheSAT1758.png
LongxiheSAT1761.png,LongxiheSAT1761.png
LongxiheSAT1762.png,LongxiheSAT1762.png
LongxiheSAT1763.png,LongxiheSAT1763.png
LongxiheSAT1765.png,LongxiheSAT1765.png
LongxiheSAT1766.png,LongxiheSAT1766.png
LongxiheSAT1767.png,LongxiheSAT1767.png
LongxiheSAT1768.png,LongxiheSAT1768.png
LongxiheSAT1769.png,LongxiheSAT1769.png
Mengdong0001.png,Mengdong0001.png
Mengdong0002.png,Mengdong0002.png
Mengdong0003.png,Mengdong0003.png
Mengdong0004.png,Mengdong0004.png
Mengdong0005.png,Mengdong0005.png
Mengdong0008.png,Mengdong0008.png
Mengdong0009.png,Mengdong0009.png
Mengdong0010.png,Mengdong0010.png
Mengdong0011.png,Mengdong0011.png
Mengdong0012.png,Mengdong0012.png
Mengdong0013.png,Mengdong0013.png
Mengdong0014.png,Mengdong0014.png
Mengdong0015.png,Mengdong0015.png
Mengdong0017.png,Mengdong0017.png
Mengdong0018.png,Mengdong0018.png
Mengdong0021.png,Mengdong0021.png
Mengdong0022.png,Mengdong0022.png
Mengdong0023.png,Mengdong0023.png
Mengdong0026.png,Mengdong0026.png
Mengdong0028.png,Mengdong0028.png
Mengdong0029.png,Mengdong0029.png
Mengdong0030.png,Mengdong0030.png
Mengdong0031.png,Mengdong0031.png
Mengdong0032.png,Mengdong0032.png
Mengdong0033.png,Mengdong0033.png
Mengdong0034.png,Mengdong0034.png
Mengdong0035.png,Mengdong0035.png
Mengdong0036.png,Mengdong0036.png
Mengdong0037.png,Mengdong0037.png
Mengdong0038.png,Mengdong0038.png
Mengdong0039.png,Mengdong0039.png
Mengdong0040.png,Mengdong0040.png
Mengdong0041.png,Mengdong0041.png
Mengdong0043.png,Mengdong0043.png
Mengdong0044.png,Mengdong0044.png
Mengdong0046.png,Mengdong0046.png
Mengdong0047.png,Mengdong0047.png
Mengdong0048.png,Mengdong0048.png
Mengdong0049.png,Mengdong0049.png
Mengdong0050.png,Mengdong0050.png
Mengdong0051.png,Mengdong0051.png
Mengdong0052.png,Mengdong0052.png
Mengdong0053.png,Mengdong0053.png
Mengdong0054.png,Mengdong0054.png
Mengdong0055.png,Mengdong0055.png
Mengdong0056.png,Mengdong0056.png
Mengdong0057.png,Mengdong0057.png
Mengdong0058.png,Mengdong0058.png
Mengdong0059.png,Mengdong0059.png
Mengdong0060.png,Mengdong0060.png
Mengdong0061.png,Mengdong0061.png
Mengdong0063.png,Mengdong0063.png
Mengdong0065.png,Mengdong0065.png
Mengdong0067.png,Mengdong0067.png
Mengdong0068.png,Mengdong0068.png
Mengdong0069.png,Mengdong0069.png
Mengdong0071.png,Mengdong0071.png
Mengdong0072.png,Mengdong0072.png
Mengdong0076.png,Mengdong0076.png
Mengdong0078.png,Mengdong0078.png
Mengdong0080.png,Mengdong0080.png
Mengdong0082.png,Mengdong0082.png
Mengdong0083.png,Mengdong0083.png
Mengdong0087.png,Mengdong0087.png
Mengdong0088.png,Mengdong0088.png
Mengdong0089.png,Mengdong0089.png
Mengdong0091.png,Mengdong0091.png
Mengdong0093.png,Mengdong0093.png
Mengdong0095.png,Mengdong0095.png
Mengdong0098.png,Mengdong0098.png
Mengdong0100.png,Mengdong0100.png
Mengdong0101.png,Mengdong0101.png
Mengdong0104.png,Mengdong0104.png
Mengdong0107.png,Mengdong0107.png
Mengdong0109.png,Mengdong0109.png
Mengdong0110.png,Mengdong0110.png
Mengdong0112.png,Mengdong0112.png
Mengdong0113.png,Mengdong0113.png
Mengdong0114.png,Mengdong0114.png
Mengdong0115.png,Mengdong0115.png
Mengdong0116.png,Mengdong0116.png
Mengdong0119.png,Mengdong0119.png
Mengdong0120.png,Mengdong0120.png
Mengdong0121.png,Mengdong0121.png
Mengdong0122.png,Mengdong0122.png
Mengdong0123.png,Mengdong0123.png
Mengdong0124.png,Mengdong0124.png
Mengdong0125.png,Mengdong0125.png
Mengdong0126.png,Mengdong0126.png
Mengdong0128.png,Mengdong0128.png
Mengdong0130.png,Mengdong0130.png
Mengdong0132.png,Mengdong0132.png
Mengdong0134.png,Mengdong0134.png
Mengdong0135.png,Mengdong0135.png
Mengdong0136.png,Mengdong0136.png
Mengdong0137.png,Mengdong0137.png
Mengdong0138.png,Mengdong0138.png
Mengdong0143.png,Mengdong0143.png
Mengdong0144.png,Mengdong0144.png
Mengdong0145.png,Mengdong0145.png
Mengdong0146.png,Mengdong0146.png
Mengdong0148.png,Mengdong0148.png
Mengdong0149.png,Mengdong0149.png
Mengdong0150.png,Mengdong0150.png
Mengdong0152.png,Mengdong0152.png
Mengdong0153.png,Mengdong0153.png
Mengdong0155.png,Mengdong0155.png
Mengdong0158.png,Mengdong0158.png
Mengdong0159.png,Mengdong0159.png
Mengdong0160.png,Mengdong0160.png
Mengdong0161.png,Mengdong0161.png
Mengdong0162.png,Mengdong0162.png
Mengdong0163.png,Mengdong0163.png
Mengdong0166.png,Mengdong0166.png
Mengdong0168.png,Mengdong0168.png
Mengdong0171.png,Mengdong0171.png
Mengdong0172.png,Mengdong0172.png
Mengdong0174.png,Mengdong0174.png
Mengdong0175.png,Mengdong0175.png
Mengdong0176.png,Mengdong0176.png
Mengdong0177.png,Mengdong0177.png
Mengdong0178.png,Mengdong0178.png
Mengdong0179.png,Mengdong0179.png
Mengdong0180.png,Mengdong0180.png
Mengdong0181.png,Mengdong0181.png
Mengdong0183.png,Mengdong0183.png
Mengdong0184.png,Mengdong0184.png
Mengdong0185.png,Mengdong0185.png
Mengdong0186.png,Mengdong0186.png
Mengdong0188.png,Mengdong0188.png
Mengdong0191.png,Mengdong0191.png
Mengdong0192.png,Mengdong0192.png
Mengdong0194.png,Mengdong0194.png
Mengdong0195.png,Mengdong0195.png
Mengdong0196.png,Mengdong0196.png
Mengdong0198.png,Mengdong0198.png
Mengdong0199.png,Mengdong0199.png
Mengdong0200.png,Mengdong0200.png
Mengdong0202.png,Mengdong0202.png
Mengdong0203.png,Mengdong0203.png
Mengdong0204.png,Mengdong0204.png
Mengdong0205.png,Mengdong0205.png
Mengdong0206.png,Mengdong0206.png
Mengdong0207.png,Mengdong0207.png
Mengdong0208.png,Mengdong0208.png
Mengdong0209.png,Mengdong0209.png
Mengdong0210.png,Mengdong0210.png
Mengdong0211.png,Mengdong0211.png
Mengdong0213.png,Mengdong0213.png
Mengdong0214.png,Mengdong0214.png
Mengdong0215.png,Mengdong0215.png
Mengdong0216.png,Mengdong0216.png
Mengdong0217.png,Mengdong0217.png
Mengdong0219.png,Mengdong0219.png
Mengdong0220.png,Mengdong0220.png
Mengdong0221.png,Mengdong0221.png
Mengdong0222.png,Mengdong0222.png
Mengdong0223.png,Mengdong0223.png
Mengdong0225.png,Mengdong0225.png
Mengdong0226.png,Mengdong0226.png
Mengdong0227.png,Mengdong0227.png
Mengdong0229.png,Mengdong0229.png
Mengdong0233.png,Mengdong0233.png
Mengdong0234.png,Mengdong0234.png
Mengdong0235.png,Mengdong0235.png
Mengdong0236.png,Mengdong0236.png
Mengdong0237.png,Mengdong0237.png
Mengdong0238.png,Mengdong0238.png
Mengdong0240.png,Mengdong0240.png
Mengdong0241.png,Mengdong0241.png
Mengdong0242.png,Mengdong0242.png
Mengdong0243.png,Mengdong0243.png
Mengdong0244.png,Mengdong0244.png
Mengdong0245.png,Mengdong0245.png
Mengdong0246.png,Mengdong0246.png
Mengdong0247.png,Mengdong0247.png
Mengdong0248.png,Mengdong0248.png
Mengdong0249.png,Mengdong0249.png
Mengdong0250.png,Mengdong0250.png
Mengdong0253.png,Mengdong0253.png
Mengdong0255.png,Mengdong0255.png
Mengdong0256.png,Mengdong0256.png
Mengdong0257.png,Mengdong0257.png
Mengdong0258.png,Mengdong0258.png
Mengdong0259.png,Mengdong0259.png
Mengdong0262.png,Mengdong0262.png
Mengdong0263.png,Mengdong0263.png
Mengdong0264.png,Mengdong0264.png
Mengdong0265.png,Mengdong0265.png
Mengdong0266.png,Mengdong0266.png
Mengdong0267.png,Mengdong0267.png
Mengdong0268.png,Mengdong0268.png
Mengdong0269.png,Mengdong0269.png
Mengdong0270.png,Mengdong0270.png
Mengdong0272.png,Mengdong0272.png
Mengdong0273.png,Mengdong0273.png
Mengdong0275.png,Mengdong0275.png
Mengdong0276.png,Mengdong0276.png
Mengdong0277.png,Mengdong0277.png
Mengdong0278.png,Mengdong0278.png
Mengdong0279.png,Mengdong0279.png
Mengdong0282.png,Mengdong0282.png
Mengdong0283.png,Mengdong0283.png
Mengdong0284.png,Mengdong0284.png
Mengdong0287.png,Mengdong0287.png
Mengdong0289.png,Mengdong0289.png
Mengdong0290.png,Mengdong0290.png
Mengdong0291.png,Mengdong0291.png
Mengdong0293.png,Mengdong0293.png
Mengdong0295.png,Mengdong0295.png
Mengdong0296.png,Mengdong0296.png
Mengdong0298.png,Mengdong0298.png
Mengdong0299.png,Mengdong0299.png
Mengdong0301.png,Mengdong0301.png
Mengdong0303.png,Mengdong0303.png
Mengdong0304.png,Mengdong0304.png
Mengdong0308.png,Mengdong0308.png
Mengdong0313.png,Mengdong0313.png
Mengdong0314.png,Mengdong0314.png
Mengdong0316.png,Mengdong0316.png
Mengdong0318.png,Mengdong0318.png
Mengdong0320.png,Mengdong0320.png
Mengdong0321.png,Mengdong0321.png
Mengdong0323.png,Mengdong0323.png
Mengdong0324.png,Mengdong0324.png
Mengdong0326.png,Mengdong0326.png
Mengdong0327.png,Mengdong0327.png
Mengdong0329.png,Mengdong0329.png
Mengdong0330.png,Mengdong0330.png
Mengdong0331.png,Mengdong0331.png
Mengdong0333.png,Mengdong0333.png
Mengdong0334.png,Mengdong0334.png
Mengdong0335.png,Mengdong0335.png
Mengdong0336.png,Mengdong0336.png
Mengdong0337.png,Mengdong0337.png
Mengdong0338.png,Mengdong0338.png
Mengdong0339.png,Mengdong0339.png
Mengdong0341.png,Mengdong0341.png
Mengdong0342.png,Mengdong0342.png
Mengdong0344.png,Mengdong0344.png
Mengdong0345.png,Mengdong0345.png
Mengdong0346.png,Mengdong0346.png
Mengdong0347.png,Mengdong0347.png
Mengdong0348.png,Mengdong0348.png
Mengdong0349.png,Mengdong0349.png
Mengdong0351.png,Mengdong0351.png
Mengdong0353.png,Mengdong0353.png
Mengdong0354.png,Mengdong0354.png
Mengdong0355.png,Mengdong0355.png
Mengdong0356.png,Mengdong0356.png
Mengdong0357.png,Mengdong0357.png
Mengdong0358.png,Mengdong0358.png
Mengdong0360.png,Mengdong0360.png
Mengdong0361.png,Mengdong0361.png
Mengdong0363.png,Mengdong0363.png
Mengdong0364.png,Mengdong0364.png
Mengdong0366.png,Mengdong0366.png
Mengdong0367.png,Mengdong0367.png
Mengdong0369.png,Mengdong0369.png
Mengdong0371.png,Mengdong0371.png
Mengdong0374.png,Mengdong0374.png
Mengdong0375.png,Mengdong0375.png
Mengdong0376.png,Mengdong0376.png
Mengdong0377.png,Mengdong0377.png
Mengdong0378.png,Mengdong0378.png
Mengdong0379.png,Mengdong0379.png
Mengdong0382.png,Mengdong0382.png
Mengdong0383.png,Mengdong0383.png
Mengdong0384.png,Mengdong0384.png
Mengdong0386.png,Mengdong0386.png
Mengdong0387.png,Mengdong0387.png
Mengdong0390.png,Mengdong0390.png
Mengdong0391.png,Mengdong0391.png
Mengdong0392.png,Mengdong0392.png
Mengdong0394.png,Mengdong0394.png
Mengdong0395.png,Mengdong0395.png
Mengdong0398.png,Mengdong0398.png
Mengdong0399.png,Mengdong0399.png
Mengdong0400.png,Mengdong0400.png
Mengdong0401.png,Mengdong0401.png
Mengdong0403.png,Mengdong0403.png
Mengdong0404.png,Mengdong0404.png
Mengdong0405.png,Mengdong0405.png
Mengdong0406.png,Mengdong0406.png
Mengdong0408.png,Mengdong0408.png
Mengdong0410.png,Mengdong0410.png
Mengdong0411.png,Mengdong0411.png
Mengdong0412.png,Mengdong0412.png
Mengdong0413.png,Mengdong0413.png
Mengdong0414.png,Mengdong0414.png
Mengdong0416.png,Mengdong0416.png
Mengdong0419.png,Mengdong0419.png
Mengdong0420.png,Mengdong0420.png
Mengdong0421.png,Mengdong0421.png
Mengdong0422.png,Mengdong0422.png
Mengdong0425.png,Mengdong0425.png
Mengdong0429.png,Mengdong0429.png
Mengdong0431.png,Mengdong0431.png
Mengdong0432.png,Mengdong0432.png
Mengdong0433.png,Mengdong0433.png
Mengdong0434.png,Mengdong0434.png
Mengdong0435.png,Mengdong0435.png
Mengdong0436.png,Mengdong0436.png
Mengdong0438.png,Mengdong0438.png
Mengdong0440.png,Mengdong0440.png
Mengdong0441.png,Mengdong0441.png
Mengdong0442.png,Mengdong0442.png
Mengdong0443.png,Mengdong0443.png
Mengdong0444.png,Mengdong0444.png
Mengdong0445.png,Mengdong0445.png
Mengdong0446.png,Mengdong0446.png
Mengdong0447.png,Mengdong0447.png
Mengdong0450.png,Mengdong0450.png
Mengdong0451.png,Mengdong0451.png
Mengdong0453.png,Mengdong0453.png
Mengdong0454.png,Mengdong0454.png
Mengdong0455.png,Mengdong0455.png
Mengdong0459.png,Mengdong0459.png
Mengdong0460.png,Mengdong0460.png
Mengdong0461.png,Mengdong0461.png
Mengdong0462.png,Mengdong0462.png
Mengdong0463.png,Mengdong0463.png
Mengdong0464.png,Mengdong0464.png
Mengdong0466.png,Mengdong0466.png
Mengdong0468.png,Mengdong0468.png
Mengdong0469.png,Mengdong0469.png
Mengdong0470.png,Mengdong0470.png
Mengdong0472.png,Mengdong0472.png
Mengdong0473.png,Mengdong0473.png
Mengdong0474.png,Mengdong0474.png
Mengdong0475.png,Mengdong0475.png
Mengdong0476.png,Mengdong0476.png
Mengdong0477.png,Mengdong0477.png
Mengdong0479.png,Mengdong0479.png
Mengdong0480.png,Mengdong0480.png
Mengdong0482.png,Mengdong0482.png
Mengdong0483.png,Mengdong0483.png
Mengdong0484.png,Mengdong0484.png
Mengdong0485.png,Mengdong0485.png
Mengdong0487.png,Mengdong0487.png
Mengdong0488.png,Mengdong0488.png
Mengdong0490.png,Mengdong0490.png
Mengdong0491.png,Mengdong0491.png
Mengdong0492.png,Mengdong0492.png
Mengdong0493.png,Mengdong0493.png
Mengdong0494.png,Mengdong0494.png
Mengdong0495.png,Mengdong0495.png
Mengdong0498.png,Mengdong0498.png
Mengdong0501.png,Mengdong0501.png
Mengdong0502.png,Mengdong0502.png
Mengdong0503.png,Mengdong0503.png
Mengdong0504.png,Mengdong0504.png
Mengdong0505.png,Mengdong0505.png
Mengdong0507.png,Mengdong0507.png
Mengdong0509.png,Mengdong0509.png
Mengdong0513.png,Mengdong0513.png
Mengdong0514.png,Mengdong0514.png
Mengdong0517.png,Mengdong0517.png
Mengdong0521.png,Mengdong0521.png
Mengdong0523.png,Mengdong0523.png
Mengdong0525.png,Mengdong0525.png
Mengdong0526.png,Mengdong0526.png
Mengdong0527.png,Mengdong0527.png
Mengdong0528.png,Mengdong0528.png
Mengdong0529.png,Mengdong0529.png
Mengdong0531.png,Mengdong0531.png
Mengdong0532.png,Mengdong0532.png
Mengdong0534.png,Mengdong0534.png
Mengdong0535.png,Mengdong0535.png
Mengdong0536.png,Mengdong0536.png
Mengdong0540.png,Mengdong0540.png
Mengdong0541.png,Mengdong0541.png
Mengdong0544.png,Mengdong0544.png
Mengdong0547.png,Mengdong0547.png
Mengdong0548.png,Mengdong0548.png
Mengdong0549.png,Mengdong0549.png
Mengdong0550.png,Mengdong0550.png
Mengdong0551.png,Mengdong0551.png
Mengdong0552.png,Mengdong0552.png
Mengdong0555.png,Mengdong0555.png
Mengdong0557.png,Mengdong0557.png
Mengdong0558.png,Mengdong0558.png
Mengdong0560.png,Mengdong0560.png
Mengdong0561.png,Mengdong0561.png
Mengdong0562.png,Mengdong0562.png
Mengdong0563.png,Mengdong0563.png
Mengdong0565.png,Mengdong0565.png
Mengdong0566.png,Mengdong0566.png
Mengdong0567.png,Mengdong0567.png
Mengdong0568.png,Mengdong0568.png
Mengdong0569.png,Mengdong0569.png
Mengdong0570.png,Mengdong0570.png
Mengdong0572.png,Mengdong0572.png
Mengdong0573.png,Mengdong0573.png
Mengdong0574.png,Mengdong0574.png
Mengdong0575.png,Mengdong0575.png
Mengdong0577.png,Mengdong0577.png
Mengdong0579.png,Mengdong0579.png
Mengdong0580.png,Mengdong0580.png
Mengdong0582.png,Mengdong0582.png
Mengdong0585.png,Mengdong0585.png
Mengdong0588.png,Mengdong0588.png
Mengdong0590.png,Mengdong0590.png
Mengdong0591.png,Mengdong0591.png
Mengdong0592.png,Mengdong0592.png
Mengdong0593.png,Mengdong0593.png
Mengdong0595.png,Mengdong0595.png
Mengdong0596.png,Mengdong0596.png
Mengdong0597.png,Mengdong0597.png
Mengdong0598.png,Mengdong0598.png
Mengdong0600.png,Mengdong0600.png
Mengdong0601.png,Mengdong0601.png
Mengdong0602.png,Mengdong0602.png
Mengdong0605.png,Mengdong0605.png
Mengdong0606.png,Mengdong0606.png
Mengdong0607.png,Mengdong0607.png
Mengdong0609.png,Mengdong0609.png
Mengdong0610.png,Mengdong0610.png
Mengdong0611.png,Mengdong0611.png
Mengdong0613.png,Mengdong0613.png
Mengdong0614.png,Mengdong0614.png
Mengdong0616.png,Mengdong0616.png
Mengdong0617.png,Mengdong0617.png
Mengdong0618.png,Mengdong0618.png
Mengdong0619.png,Mengdong0619.png
Mengdong0620.png,Mengdong0620.png
Mengdong0621.png,Mengdong0621.png
Mengdong0623.png,Mengdong0623.png
Mengdong0625.png,Mengdong0625.png
Mengdong0626.png,Mengdong0626.png
Mengdong0627.png,Mengdong0627.png
Mengdong0628.png,Mengdong0628.png
Mengdong0629.png,Mengdong0629.png
Mengdong0630.png,Mengdong0630.png
Mengdong0632.png,Mengdong0632.png
Mengdong0633.png,Mengdong0633.png
Mengdong0636.png,Mengdong0636.png
Mengdong0638.png,Mengdong0638.png
Mengdong0639.png,Mengdong0639.png
Mengdong0641.png,Mengdong0641.png
Mengdong0642.png,Mengdong0642.png
Mengdong0643.png,Mengdong0643.png
Mengdong0645.png,Mengdong0645.png
Mengdong0646.png,Mengdong0646.png
Mengdong0648.png,Mengdong0648.png
Mengdong0649.png,Mengdong0649.png
Mengdong0650.png,Mengdong0650.png
Mengdong0651.png,Mengdong0651.png
Mengdong0652.png,Mengdong0652.png
Mengdong0653.png,Mengdong0653.png
Mengdong0654.png,Mengdong0654.png
Mengdong0657.png,Mengdong0657.png
Mengdong0658.png,Mengdong0658.png
Mengdong0660.png,Mengdong0660.png
Mengdong0661.png,Mengdong0661.png
Mengdong0662.png,Mengdong0662.png
Mengdong0665.png,Mengdong0665.png
Mengdong0666.png,Mengdong0666.png
Mengdong0668.png,Mengdong0668.png
Mengdong0670.png,Mengdong0670.png
Mengdong0671.png,Mengdong0671.png
Mengdong0673.png,Mengdong0673.png
Mengdong0674.png,Mengdong0674.png
Mengdong0675.png,Mengdong0675.png
Mengdong0677.png,Mengdong0677.png
Mengdong0678.png,Mengdong0678.png
Mengdong0680.png,Mengdong0680.png
Mengdong0682.png,Mengdong0682.png
Mengdong0683.png,Mengdong0683.png
Mengdong0684.png,Mengdong0684.png
Mengdong0686.png,Mengdong0686.png
Mengdong0687.png,Mengdong0687.png
Mengdong0688.png,Mengdong0688.png
Mengdong0689.png,Mengdong0689.png
Mengdong0690.png,Mengdong0690.png
Mengdong0691.png,Mengdong0691.png
Mengdong0693.png,Mengdong0693.png
Mengdong0694.png,Mengdong0694.png
Mengdong0695.png,Mengdong0695.png
Mengdong0696.png,Mengdong0696.png
Mengdong0697.png,Mengdong0697.png
Mengdong0698.png,Mengdong0698.png
Mengdong0699.png,Mengdong0699.png
Mengdong0700.png,Mengdong0700.png
Mengdong0702.png,Mengdong0702.png
Mengdong0704.png,Mengdong0704.png
Mengdong0705.png,Mengdong0705.png
Mengdong0706.png,Mengdong0706.png
Mengdong0707.png,Mengdong0707.png
Mengdong0709.png,Mengdong0709.png
Mengdong0710.png,Mengdong0710.png
Mengdong0711.png,Mengdong0711.png
Mengdong0715.png,Mengdong0715.png
Mengdong0716.png,Mengdong0716.png
Mengdong0717.png,Mengdong0717.png
Mengdong0718.png,Mengdong0718.png
Mengdong0719.png,Mengdong0719.png
Mengdong0720.png,Mengdong0720.png
Mengdong0721.png,Mengdong0721.png
Mengdong0723.png,Mengdong0723.png
Mengdong0724.png,Mengdong0724.png
Mengdong0725.png,Mengdong0725.png
Mengdong0727.png,Mengdong0727.png
Mengdong0728.png,Mengdong0728.png
Mengdong0729.png,Mengdong0729.png
Mengdong0732.png,Mengdong0732.png
Mengdong0733.png,Mengdong0733.png
Mengdong0734.png,Mengdong0734.png
Mengdong0735.png,Mengdong0735.png
Mengdong0736.png,Mengdong0736.png
Mengdong0738.png,Mengdong0738.png
Mengdong0739.png,Mengdong0739.png
Mengdong0743.png,Mengdong0743.png
Mengdong0744.png,Mengdong0744.png
Mengdong0745.png,Mengdong0745.png
Mengdong0746.png,Mengdong0746.png
Mengdong0747.png,Mengdong0747.png
Mengdong0748.png,Mengdong0748.png
Mengdong0749.png,Mengdong0749.png
Mengdong0750.png,Mengdong0750.png
Mengdong0751.png,Mengdong0751.png
Mengdong0753.png,Mengdong0753.png
Mengdong0755.png,Mengdong0755.png
Mengdong0756.png,Mengdong0756.png
Mengdong0758.png,Mengdong0758.png
Mengdong0762.png,Mengdong0762.png
Mengdong0763.png,Mengdong0763.png
Mengdong0764.png,Mengdong0764.png
Mengdong0767.png,Mengdong0767.png
Mengdong0768.png,Mengdong0768.png
Mengdong0770.png,Mengdong0770.png
Mengdong0771.png,Mengdong0771.png
Mengdong0772.png,Mengdong0772.png
Mengdong0773.png,Mengdong0773.png
Mengdong0774.png,Mengdong0774.png
Mengdong0775.png,Mengdong0775.png
Mengdong0778.png,Mengdong0778.png
Mengdong0779.png,Mengdong0779.png
Mengdong0780.png,Mengdong0780.png
Mengdong0781.png,Mengdong0781.png
Mengdong0782.png,Mengdong0782.png
Mengdong0783.png,Mengdong0783.png
Mengdong0785.png,Mengdong0785.png
Mengdong0786.png,Mengdong0786.png
Mengdong0787.png,Mengdong0787.png
Mengdong0789.png,Mengdong0789.png
Mengdong0790.png,Mengdong0790.png
Mengdong0792.png,Mengdong0792.png
Mengdong0793.png,Mengdong0793.png
Mengdong0795.png,Mengdong0795.png
Mengdong0797.png,Mengdong0797.png
Mengdong0798.png,Mengdong0798.png
Mengdong0800.png,Mengdong0800.png
Mengdong0801.png,Mengdong0801.png
Mengdong0802.png,Mengdong0802.png
Mengdong0803.png,Mengdong0803.png
Mengdong0807.png,Mengdong0807.png
Mengdong0809.png,Mengdong0809.png
Mengdong0810.png,Mengdong0810.png
Mengdong0811.png,Mengdong0811.png
Mengdong0812.png,Mengdong0812.png
Mengdong0813.png,Mengdong0813.png
Mengdong0814.png,Mengdong0814.png
Mengdong0816.png,Mengdong0816.png
Mengdong0817.png,Mengdong0817.png
Mengdong0820.png,Mengdong0820.png
Mengdong0823.png,Mengdong0823.png
Mengdong0824.png,Mengdong0824.png
Mengdong0825.png,Mengdong0825.png
Mengdong0826.png,Mengdong0826.png
Mengdong0828.png,Mengdong0828.png
Mengdong0830.png,Mengdong0830.png
Mengdong0831.png,Mengdong0831.png
Mengdong0832.png,Mengdong0832.png
Mengdong0834.png,Mengdong0834.png
Mengdong0837.png,Mengdong0837.png
Mengdong0839.png,Mengdong0839.png
Mengdong0842.png,Mengdong0842.png
Mengdong0843.png,Mengdong0843.png
Mengdong0847.png,Mengdong0847.png
Mengdong0848.png,Mengdong0848.png
Mengdong0850.png,Mengdong0850.png
Mengdong0853.png,Mengdong0853.png
Mengdong0855.png,Mengdong0855.png
Mengdong0857.png,Mengdong0857.png
Mengdong0859.png,Mengdong0859.png
Mengdong0862.png,Mengdong0862.png
Mengdong0863.png,Mengdong0863.png
Mengdong0864.png,Mengdong0864.png
Mengdong0865.png,Mengdong0865.png
Mengdong0866.png,Mengdong0866.png
Mengdong0870.png,Mengdong0870.png
Mengdong0875.png,Mengdong0875.png
Mengdong0876.png,Mengdong0876.png
Mengdong0877.png,Mengdong0877.png
Mengdong0878.png,Mengdong0878.png
Mengdong0880.png,Mengdong0880.png
Mengdong0881.png,Mengdong0881.png
Mengdong0882.png,Mengdong0882.png
Mengdong0883.png,Mengdong0883.png
Mengdong0884.png,Mengdong0884.png
Mengdong0885.png,Mengdong0885.png
Mengdong0887.png,Mengdong0887.png
Mengdong0888.png,Mengdong0888.png
Mengdong0889.png,Mengdong0889.png
Mengdong0890.png,Mengdong0890.png
Mengdong0891.png,Mengdong0891.png
Mengdong0892.png,Mengdong0892.png
Mengdong0894.png,Mengdong0894.png
Mengdong0895.png,Mengdong0895.png
Mengdong0896.png,Mengdong0896.png
Mengdong0897.png,Mengdong0897.png
Mengdong0898.png,Mengdong0898.png
Mengdong0900.png,Mengdong0900.png
Mengdong0901.png,Mengdong0901.png
Mengdong0902.png,Mengdong0902.png
Mengdong0904.png,Mengdong0904.png
Mengdong0906.png,Mengdong0906.png
Mengdong0907.png,Mengdong0907.png
Mengdong0908.png,Mengdong0908.png
Mengdong0909.png,Mengdong0909.png
Mengdong0910.png,Mengdong0910.png
Mengdong0911.png,Mengdong0911.png
Mengdong0912.png,Mengdong0912.png
Mengdong0913.png,Mengdong0913.png
Mengdong0914.png,Mengdong0914.png
Mengdong0915.png,Mengdong0915.png
Mengdong0916.png,Mengdong0916.png
Mengdong0919.png,Mengdong0919.png
Mengdong0920.png,Mengdong0920.png
Mengdong0923.png,Mengdong0923.png
Mengdong0926.png,Mengdong0926.png
Mengdong0927.png,Mengdong0927.png
Mengdong0928.png,Mengdong0928.png
Mengdong0929.png,Mengdong0929.png
Mengdong0930.png,Mengdong0930.png
Mengdong0933.png,Mengdong0933.png
Mengdong0934.png,Mengdong0934.png
Mengdong0935.png,Mengdong0935.png
Mengdong0936.png,Mengdong0936.png
Mengdong0937.png,Mengdong0937.png
Mengdong0939.png,Mengdong0939.png
Mengdong0940.png,Mengdong0940.png
Mengdong0941.png,Mengdong0941.png
Mengdong0942.png,Mengdong0942.png
Mengdong0943.png,Mengdong0943.png
Mengdong0944.png,Mengdong0944.png
Mengdong0946.png,Mengdong0946.png
Mengdong0947.png,Mengdong0947.png
Mengdong0948.png,Mengdong0948.png
Mengdong0949.png,Mengdong0949.png
Mengdong0950.png,Mengdong0950.png
Mengdong0951.png,Mengdong0951.png
Mengdong0952.png,Mengdong0952.png
Mengdong0953.png,Mengdong0953.png
Mengdong0954.png,Mengdong0954.png
Mengdong0955.png,Mengdong0955.png
Mengdong0956.png,Mengdong0956.png
Mengdong0959.png,Mengdong0959.png
Mengdong0961.png,Mengdong0961.png
Mengdong0962.png,Mengdong0962.png
Mengdong0963.png,Mengdong0963.png
Mengdong0964.png,Mengdong0964.png
Mengdong0966.png,Mengdong0966.png
Mengdong0967.png,Mengdong0967.png
Mengdong0970.png,Mengdong0970.png
Mengdong0971.png,Mengdong0971.png
Mengdong0972.png,Mengdong0972.png
Mengdong0973.png,Mengdong0973.png
Mengdong0974.png,Mengdong0974.png
Mengdong0975.png,Mengdong0975.png
Mengdong0976.png,Mengdong0976.png
Mengdong0977.png,Mengdong0977.png
Mengdong0978.png,Mengdong0978.png
Mengdong0979.png,Mengdong0979.png
Mengdong0980.png,Mengdong0980.png
Mengdong0981.png,Mengdong0981.png
Mengdong0982.png,Mengdong0982.png
Mengdong0985.png,Mengdong0985.png
Mengdong0988.png,Mengdong0988.png
Mengdong0989.png,Mengdong0989.png
Mengdong0991.png,Mengdong0991.png
Mengdong0992.png,Mengdong0992.png
Mengdong0993.png,Mengdong0993.png
Mengdong0994.png,Mengdong0994.png
Mengdong0995.png,Mengdong0995.png
Mengdong0997.png,Mengdong0997.png
Mengdong0998.png,Mengdong0998.png
Mengdong0999.png,Mengdong0999.png
Mengdong1000.png,Mengdong1000.png
Mengdong1002.png,Mengdong1002.png
Mengdong1003.png,Mengdong1003.png
Mengdong1004.png,Mengdong1004.png
Mengdong1005.png,Mengdong1005.png
Mengdong1006.png,Mengdong1006.png
Mengdong1008.png,Mengdong1008.png
Mengdong1009.png,Mengdong1009.png
Mengdong1010.png,Mengdong1010.png
Mengdong1011.png,Mengdong1011.png
Mengdong1012.png,Mengdong1012.png
Mengdong1014.png,Mengdong1014.png
Mengdong1016.png,Mengdong1016.png
Mengdong1017.png,Mengdong1017.png
Mengdong1019.png,Mengdong1019.png
Mengdong1020.png,Mengdong1020.png
Mengdong1021.png,Mengdong1021.png
Mengdong1023.png,Mengdong1023.png
Mengdong1024.png,Mengdong1024.png
Mengdong1025.png,Mengdong1025.png
Mengdong1027.png,Mengdong1027.png
Mengdong1028.png,Mengdong1028.png
Mengdong1032.png,Mengdong1032.png
Mengdong1036.png,Mengdong1036.png
Mengdong1037.png,Mengdong1037.png
Mengdong1038.png,Mengdong1038.png
Mengdong1039.png,Mengdong1039.png
Mengdong1041.png,Mengdong1041.png
Mengdong1042.png,Mengdong1042.png
Mengdong1043.png,Mengdong1043.png
Mengdong1044.png,Mengdong1044.png
Mengdong1045.png,Mengdong1045.png
Mengdong1047.png,Mengdong1047.png
Mengdong1048.png,Mengdong1048.png
Mengdong1050.png,Mengdong1050.png
Mengdong1051.png,Mengdong1051.png
Mengdong1052.png,Mengdong1052.png
Mengdong1053.png,Mengdong1053.png
Mengdong1055.png,Mengdong1055.png
Mengdong1057.png,Mengdong1057.png
Mengdong1059.png,Mengdong1059.png
Mengdong1060.png,Mengdong1060.png
Mengdong1061.png,Mengdong1061.png
Mengdong1063.png,Mengdong1063.png
Mengdong1064.png,Mengdong1064.png
Mengdong1067.png,Mengdong1067.png
Mengdong1068.png,Mengdong1068.png
Mengdong1070.png,Mengdong1070.png
Mengdong1072.png,Mengdong1072.png
Mengdong1073.png,Mengdong1073.png
Mengdong1075.png,Mengdong1075.png
Mengdong1076.png,Mengdong1076.png
Mengdong1079.png,Mengdong1079.png
Mengdong1080.png,Mengdong1080.png
Mengdong1081.png,Mengdong1081.png
Mengdong1082.png,Mengdong1082.png
Mengdong1083.png,Mengdong1083.png
Mengdong1084.png,Mengdong1084.png
Mengdong1085.png,Mengdong1085.png
Mengdong1086.png,Mengdong1086.png
Mengdong1087.png,Mengdong1087.png
Mengdong1088.png,Mengdong1088.png
Mengdong1089.png,Mengdong1089.png
Mengdong1090.png,Mengdong1090.png
Mengdong1091.png,Mengdong1091.png
Mengdong1092.png,Mengdong1092.png
Mengdong1095.png,Mengdong1095.png
Mengdong1096.png,Mengdong1096.png
Mengdong1098.png,Mengdong1098.png
Mengdong1099.png,Mengdong1099.png
Mengdong1101.png,Mengdong1101.png
Mengdong1102.png,Mengdong1102.png
Mengdong1103.png,Mengdong1103.png
Mengdong1104.png,Mengdong1104.png
Mengdong1105.png,Mengdong1105.png
Mengdong1107.png,Mengdong1107.png
Mengdong1109.png,Mengdong1109.png
Mengdong1110.png,Mengdong1110.png
Mengdong1111.png,Mengdong1111.png
Mengdong1113.png,Mengdong1113.png
Mengdong1115.png,Mengdong1115.png
Mengdong1116.png,Mengdong1116.png
Mengdong1117.png,Mengdong1117.png
Mengdong1120.png,Mengdong1120.png
Mengdong1121.png,Mengdong1121.png
Mengdong1122.png,Mengdong1122.png
Mengdong1123.png,Mengdong1123.png
Mengdong1124.png,Mengdong1124.png
Mengdong1125.png,Mengdong1125.png
Mengdong1126.png,Mengdong1126.png
Mengdong1127.png,Mengdong1127.png
Mengdong1129.png,Mengdong1129.png
Mengdong1130.png,Mengdong1130.png
Mengdong1133.png,Mengdong1133.png
Mengdong1134.png,Mengdong1134.png
Mengdong1135.png,Mengdong1135.png
Mengdong1136.png,Mengdong1136.png
Mengdong1137.png,Mengdong1137.png
Mengdong1138.png,Mengdong1138.png
Mengdong1141.png,Mengdong1141.png
Mengdong1142.png,Mengdong1142.png
Mengdong1143.png,Mengdong1143.png
Mengdong1146.png,Mengdong1146.png
Mengdong1149.png,Mengdong1149.png
Mengdong1150.png,Mengdong1150.png
Mengdong1151.png,Mengdong1151.png
Mengdong1152.png,Mengdong1152.png
Mengdong1153.png,Mengdong1153.png
Mengdong1154.png,Mengdong1154.png
Moxitaidi_Satellite002.png,Moxitaidi_Satellite002.png
Moxitaidi_Satellite003.png,Moxitaidi_Satellite003.png
Moxitaidi_Satellite004.png,Moxitaidi_Satellite004.png
Moxitaidi_Satellite005.png,Moxitaidi_Satellite005.png
Moxitaidi_Satellite006.png,Moxitaidi_Satellite006.png
Moxitaidi_Satellite008.png,Moxitaidi_Satellite008.png
Moxitaidi_Satellite009.png,Moxitaidi_Satellite009.png
Moxitaidi_Satellite010.png,Moxitaidi_Satellite010.png
Moxitaidi_Satellite012.png,Moxitaidi_Satellite012.png
Moxitaidi_Satellite013.png,Moxitaidi_Satellite013.png
Moxitaidi_Satellite016.png,Moxitaidi_Satellite016.png
Moxitaidi_Satellite017.png,Moxitaidi_Satellite017.png
Moxitaidi_Satellite018.png,Moxitaidi_Satellite018.png
Moxitaidi_Satellite020.png,Moxitaidi_Satellite020.png
Moxitaidi_Satellite023.png,Moxitaidi_Satellite023.png
Moxitaidi_Satellite024.png,Moxitaidi_Satellite024.png
Moxitaidi_Satellite026.png,Moxitaidi_Satellite026.png
Moxitaidi_Satellite027.png,Moxitaidi_Satellite027.png
Moxitaidi_Satellite029.png,Moxitaidi_Satellite029.png
Moxitaidi_Satellite030.png,Moxitaidi_Satellite030.png
Moxitaidi_Satellite031.png,Moxitaidi_Satellite031.png
Moxitaidi_Satellite032.png,Moxitaidi_Satellite032.png
Moxitaidi_Satellite033.png,Moxitaidi_Satellite033.png
Moxitaidi_Satellite034.png,Moxitaidi_Satellite034.png
Moxitaidi_Satellite036.png,Moxitaidi_Satellite036.png
Moxitaidi_Satellite039.png,Moxitaidi_Satellite039.png
Moxitaidi_Satellite040.png,Moxitaidi_Satellite040.png
Moxitaidi_Satellite042.png,Moxitaidi_Satellite042.png
Moxitaidi_Satellite044.png,Moxitaidi_Satellite044.png
Moxitaidi_Satellite045.png,Moxitaidi_Satellite045.png
Moxitaidi_Satellite046.png,Moxitaidi_Satellite046.png
Moxitaidi_Satellite047.png,Moxitaidi_Satellite047.png
Moxitaidi_Satellite048.png,Moxitaidi_Satellite048.png
Moxitaidi_Satellite049.png,Moxitaidi_Satellite049.png
Moxitaidi_Satellite051.png,Moxitaidi_Satellite051.png
Moxitaidi_Satellite053.png,Moxitaidi_Satellite053.png
Moxitaidi_Satellite055.png,Moxitaidi_Satellite055.png
Moxitaidi_Satellite056.png,Moxitaidi_Satellite056.png
Moxitaidi_Satellite057.png,Moxitaidi_Satellite057.png
Moxitaidi_Satellite059.png,Moxitaidi_Satellite059.png
Moxitaidi_Satellite060.png,Moxitaidi_Satellite060.png
Moxitaidi_Satellite061.png,Moxitaidi_Satellite061.png
Moxitaidi_Satellite062.png,Moxitaidi_Satellite062.png
Moxitaidi_Satellite063.png,Moxitaidi_Satellite063.png
Moxitaidi_Satellite064.png,Moxitaidi_Satellite064.png
Moxitaidi_Satellite065.png,Moxitaidi_Satellite065.png
Moxitaidi_Satellite066.png,Moxitaidi_Satellite066.png
Moxitaidi_Satellite067.png,Moxitaidi_Satellite067.png
Moxitaidi_Satellite069.png,Moxitaidi_Satellite069.png
Moxitaidi_Satellite071.png,Moxitaidi_Satellite071.png
Moxitaidi_Satellite072.png,Moxitaidi_Satellite072.png
Moxitaidi_Satellite075.png,Moxitaidi_Satellite075.png
Moxitaidi_Satellite076.png,Moxitaidi_Satellite076.png
Moxitaidi_Satellite077.png,Moxitaidi_Satellite077.png
Moxitaidi_Satellite079.png,Moxitaidi_Satellite079.png
Moxitaidi_Satellite081.png,Moxitaidi_Satellite081.png
Moxitaidi_Satellite084.png,Moxitaidi_Satellite084.png
Moxitaidi_Satellite085.png,Moxitaidi_Satellite085.png
Moxitaidi_Satellite086.png,Moxitaidi_Satellite086.png
Moxitaidi_Satellite087.png,Moxitaidi_Satellite087.png
Moxitaidi_Satellite088.png,Moxitaidi_Satellite088.png
Moxitaidi_Satellite089.png,Moxitaidi_Satellite089.png
Moxitaidi_Satellite092.png,Moxitaidi_Satellite092.png
Moxitaidi_Satellite093.png,Moxitaidi_Satellite093.png
Moxitaidi_Satellite094.png,Moxitaidi_Satellite094.png
Moxitaidi_Satellite095.png,Moxitaidi_Satellite095.png
Moxitaidi_Satellite096.png,Moxitaidi_Satellite096.png
Moxitaidi_Satellite097.png,Moxitaidi_Satellite097.png
Moxitaidi_Satellite099.png,Moxitaidi_Satellite099.png
Moxitaidi_Satellite101.png,Moxitaidi_Satellite101.png
Moxitaidi_Satellite103.png,Moxitaidi_Satellite103.png
Moxitaidi_Satellite104.png,Moxitaidi_Satellite104.png
Moxitaidi_Satellite105.png,Moxitaidi_Satellite105.png
Moxitaidi_Satellite106.png,Moxitaidi_Satellite106.png
Moxitaidi_Satellite107.png,Moxitaidi_Satellite107.png
Moxitaidi_Satellite109.png,Moxitaidi_Satellite109.png
Moxitaidi_Satellite110.png,Moxitaidi_Satellite110.png
Moxitaidi_Satellite112.png,Moxitaidi_Satellite112.png
Moxitaidi_Satellite116.png,Moxitaidi_Satellite116.png
Moxitaidi_Satellite118.png,Moxitaidi_Satellite118.png
Moxitaidi_Satellite119.png,Moxitaidi_Satellite119.png
Moxitaidi_Satellite120.png,Moxitaidi_Satellite120.png
Moxitaidi_Satellite122.png,Moxitaidi_Satellite122.png
Moxitaidi_Satellite123.png,Moxitaidi_Satellite123.png
Moxitaidi_Satellite124.png,Moxitaidi_Satellite124.png
Moxitaidi_Satellite125.png,Moxitaidi_Satellite125.png
Moxitaidi_Satellite126.png,Moxitaidi_Satellite126.png
Moxitaidi_Satellite127.png,Moxitaidi_Satellite127.png
Moxitaidi_Satellite128.png,Moxitaidi_Satellite128.png
Moxitaidi_Satellite129.png,Moxitaidi_Satellite129.png
Moxitaidi_Satellite130.png,Moxitaidi_Satellite130.png
Moxitaidi_Satellite131.png,Moxitaidi_Satellite131.png
Moxitaidi_Satellite132.png,Moxitaidi_Satellite132.png
Moxitaidi_Satellite135.png,Moxitaidi_Satellite135.png
Moxitaidi_Satellite136.png,Moxitaidi_Satellite136.png
Moxitaidi_Satellite138.png,Moxitaidi_Satellite138.png
Moxitaidi_Satellite139.png,Moxitaidi_Satellite139.png
Moxitaidi_Satellite140.png,Moxitaidi_Satellite140.png
Moxitaidi_Satellite142.png,Moxitaidi_Satellite142.png
Moxitaidi_Satellite143.png,Moxitaidi_Satellite143.png
Moxitaidi_Satellite144.png,Moxitaidi_Satellite144.png
Moxitaidi_Satellite145.png,Moxitaidi_Satellite145.png
Moxitaidi_Satellite147.png,Moxitaidi_Satellite147.png
Moxitaidi_Satellite150.png,Moxitaidi_Satellite150.png
Moxitaidi_Satellite151.png,Moxitaidi_Satellite151.png
Moxitaidi_Satellite153.png,Moxitaidi_Satellite153.png
Moxitaidi_Satellite155.png,Moxitaidi_Satellite155.png
Moxitaidi_Satellite156.png,Moxitaidi_Satellite156.png
Moxitaidi_Satellite157.png,Moxitaidi_Satellite157.png
Moxitaidi_Satellite158.png,Moxitaidi_Satellite158.png
Moxitaidi_Satellite161.png,Moxitaidi_Satellite161.png
Moxitaidi_Satellite162.png,Moxitaidi_Satellite162.png
Moxitaidi_Satellite163.png,Moxitaidi_Satellite163.png
Moxitaidi_Satellite165.png,Moxitaidi_Satellite165.png
Moxitaidi_Satellite167.png,Moxitaidi_Satellite167.png
Moxitaidi_Satellite168.png,Moxitaidi_Satellite168.png
Moxitaidi_Satellite171.png,Moxitaidi_Satellite171.png
Moxitaidi_Satellite173.png,Moxitaidi_Satellite173.png
Moxitaidi_Satellite175.png,Moxitaidi_Satellite175.png
Moxitaidi_Satellite176.png,Moxitaidi_Satellite176.png
Moxitaidi_Satellite177.png,Moxitaidi_Satellite177.png
Moxitaidi_Satellite180.png,Moxitaidi_Satellite180.png
Moxitaidi_Satellite181.png,Moxitaidi_Satellite181.png
Moxitaidi_Satellite182.png,Moxitaidi_Satellite182.png
Moxitaidi_Satellite184.png,Moxitaidi_Satellite184.png
Moxitaidi_Satellite186.png,Moxitaidi_Satellite186.png
Moxitaidi_Satellite188.png,Moxitaidi_Satellite188.png
Moxitaidi_Satellite189.png,Moxitaidi_Satellite189.png
Moxitaidi_Satellite190.png,Moxitaidi_Satellite190.png
Moxitaidi_Satellite191.png,Moxitaidi_Satellite191.png
Moxitaidi_Satellite193.png,Moxitaidi_Satellite193.png
Moxitaidi_Satellite194.png,Moxitaidi_Satellite194.png
Moxitaidi_Satellite196.png,Moxitaidi_Satellite196.png
Moxitaidi_Satellite197.png,Moxitaidi_Satellite197.png
Moxitaidi_Satellite198.png,Moxitaidi_Satellite198.png
Moxitaidi_Satellite200.png,Moxitaidi_Satellite200.png
Moxitaidi_Satellite201.png,Moxitaidi_Satellite201.png
Moxitaidi_Satellite202.png,Moxitaidi_Satellite202.png
Moxitaidi_Satellite204.png,Moxitaidi_Satellite204.png
Moxitaidi_Satellite205.png,Moxitaidi_Satellite205.png
Moxitaidi_Satellite207.png,Moxitaidi_Satellite207.png
Moxitaidi_Satellite208.png,Moxitaidi_Satellite208.png
Moxitaidi_Satellite210.png,Moxitaidi_Satellite210.png
Moxitaidi_Satellite211.png,Moxitaidi_Satellite211.png
Moxitaidi_Satellite212.png,Moxitaidi_Satellite212.png
Moxitaidi_Satellite213.png,Moxitaidi_Satellite213.png
Moxitaidi_Satellite215.png,Moxitaidi_Satellite215.png
Moxitaidi_Satellite216.png,Moxitaidi_Satellite216.png
Moxitaidi_Satellite219.png,Moxitaidi_Satellite219.png
Moxitaidi_Satellite221.png,Moxitaidi_Satellite221.png
Moxitaidi_Satellite224.png,Moxitaidi_Satellite224.png
Moxitaidi_Satellite226.png,Moxitaidi_Satellite226.png
Moxitaidi_Satellite227.png,Moxitaidi_Satellite227.png
Moxitaidi_Satellite228.png,Moxitaidi_Satellite228.png
Moxitaidi_Satellite229.png,Moxitaidi_Satellite229.png
Moxitaidi_Satellite230.png,Moxitaidi_Satellite230.png
Moxitaidi_Satellite231.png,Moxitaidi_Satellite231.png
Moxitaidi_Satellite232.png,Moxitaidi_Satellite232.png
Moxitaidi_Satellite234.png,Moxitaidi_Satellite234.png
Moxitaidi_Satellite235.png,Moxitaidi_Satellite235.png
Moxitaidi_Satellite236.png,Moxitaidi_Satellite236.png
Moxitaidi_Satellite237.png,Moxitaidi_Satellite237.png
Moxitaidi_Satellite238.png,Moxitaidi_Satellite238.png
Moxitaidi_Satellite240.png,Moxitaidi_Satellite240.png
Moxitaidi_Satellite242.png,Moxitaidi_Satellite242.png
Moxitaidi_Satellite244.png,Moxitaidi_Satellite244.png
Moxitaidi_Satellite245.png,Moxitaidi_Satellite245.png
Moxitaidi_Satellite246.png,Moxitaidi_Satellite246.png
Moxitaidi_Satellite247.png,Moxitaidi_Satellite247.png
Moxitaidi_Satellite248.png,Moxitaidi_Satellite248.png
Moxitaidi_Satellite249.png,Moxitaidi_Satellite249.png
Moxitaidi_Satellite250.png,Moxitaidi_Satellite250.png
Moxitaidi_Satellite251.png,Moxitaidi_Satellite251.png
Moxitaidi_Satellite252.png,Moxitaidi_Satellite252.png
Moxitaidi_Satellite256.png,Moxitaidi_Satellite256.png
Moxitaidi_Satellite257.png,Moxitaidi_Satellite257.png
Moxitaidi_Satellite259.png,Moxitaidi_Satellite259.png
Moxitaidi_Satellite261.png,Moxitaidi_Satellite261.png
Moxitaidi_Satellite263.png,Moxitaidi_Satellite263.png
Moxitaidi_Satellite264.png,Moxitaidi_Satellite264.png
Moxitaidi_Satellite266.png,Moxitaidi_Satellite266.png
Moxitaidi_Satellite268.png,Moxitaidi_Satellite268.png
Moxitaidi_Satellite269.png,Moxitaidi_Satellite269.png
Moxitaidi_Satellite270.png,Moxitaidi_Satellite270.png
Moxitaidi_Satellite271.png,Moxitaidi_Satellite271.png
Moxitaidi_Satellite273.png,Moxitaidi_Satellite273.png
Moxitaidi_Satellite274.png,Moxitaidi_Satellite274.png
Moxitaidi_Satellite276.png,Moxitaidi_Satellite276.png
Moxitaidi_Satellite277.png,Moxitaidi_Satellite277.png
Moxitaidi_Satellite278.png,Moxitaidi_Satellite278.png
Moxitaidi_Satellite280.png,Moxitaidi_Satellite280.png
Moxitaidi_Satellite281.png,Moxitaidi_Satellite281.png
Moxitaidi_Satellite283.png,Moxitaidi_Satellite283.png
Moxitaidi_Satellite286.png,Moxitaidi_Satellite286.png
Moxitaidi_Satellite289.png,Moxitaidi_Satellite289.png
Moxitaidi_Satellite291.png,Moxitaidi_Satellite291.png
Moxitaidi_Satellite292.png,Moxitaidi_Satellite292.png
Moxitaidi_Satellite293.png,Moxitaidi_Satellite293.png
Moxitaidi_Satellite294.png,Moxitaidi_Satellite294.png
Moxitaidi_Satellite295.png,Moxitaidi_Satellite295.png
Moxitaidi_Satellite297.png,Moxitaidi_Satellite297.png
Moxitaidi_Satellite298.png,Moxitaidi_Satellite298.png
Moxitaidi_Satellite299.png,Moxitaidi_Satellite299.png
Moxitaidi_Satellite301.png,Moxitaidi_Satellite301.png
Moxitaidi_Satellite302.png,Moxitaidi_Satellite302.png
Moxitaidi_Satellite303.png,Moxitaidi_Satellite303.png
Moxitaidi_Satellite305.png,Moxitaidi_Satellite305.png
Moxitaidi_Satellite307.png,Moxitaidi_Satellite307.png
Moxitaidi_Satellite308.png,Moxitaidi_Satellite308.png
Moxitaidi_Satellite309.png,Moxitaidi_Satellite309.png
Moxitaidi_Satellite311.png,Moxitaidi_Satellite311.png
Moxitaidi_Satellite313.png,Moxitaidi_Satellite313.png
Moxitaidi_Satellite314.png,Moxitaidi_Satellite314.png
Moxitaidi_Satellite315.png,Moxitaidi_Satellite315.png
Moxitaidi_Satellite316.png,Moxitaidi_Satellite316.png
Moxitaidi_Satellite318.png,Moxitaidi_Satellite318.png
Moxitaidi_Satellite319.png,Moxitaidi_Satellite319.png
Moxitaidi_Satellite320.png,Moxitaidi_Satellite320.png
Moxitaidi_Satellite321.png,Moxitaidi_Satellite321.png
Moxitaidi_Satellite324.png,Moxitaidi_Satellite324.png
Moxitaidi_Satellite325.png,Moxitaidi_Satellite325.png
Moxitaidi_Satellite326.png,Moxitaidi_Satellite326.png
Moxitaidi_Satellite329.png,Moxitaidi_Satellite329.png
Moxitaidi_Satellite330.png,Moxitaidi_Satellite330.png
Moxitaidi_Satellite331.png,Moxitaidi_Satellite331.png
Moxitaidi_Satellite332.png,Moxitaidi_Satellite332.png
Moxitaidi_Satellite333.png,Moxitaidi_Satellite333.png
Moxitaidi_Satellite334.png,Moxitaidi_Satellite334.png
Moxitaidi_Satellite335.png,Moxitaidi_Satellite335.png
Moxitaidi_Satellite336.png,Moxitaidi_Satellite336.png
Moxitaidi_Satellite337.png,Moxitaidi_Satellite337.png
Moxitaidi_Satellite338.png,Moxitaidi_Satellite338.png
Moxitaidi_Satellite340.png,Moxitaidi_Satellite340.png
Moxitaidi_Satellite341.png,Moxitaidi_Satellite341.png
Moxitaidi_Satellite343.png,Moxitaidi_Satellite343.png
Moxitaidi_Satellite345.png,Moxitaidi_Satellite345.png
Moxitaidi_Satellite346.png,Moxitaidi_Satellite346.png
Moxitaidi_Satellite347.png,Moxitaidi_Satellite347.png
Moxitaidi_Satellite348.png,Moxitaidi_Satellite348.png
Moxitaidi_Satellite349.png,Moxitaidi_Satellite349.png
Moxitaidi_Satellite350.png,Moxitaidi_Satellite350.png
Moxitaidi_Satellite354.png,Moxitaidi_Satellite354.png
Moxitaidi_Satellite355.png,Moxitaidi_Satellite355.png
Moxitaidi_Satellite357.png,Moxitaidi_Satellite357.png
Moxitaidi_Satellite358.png,Moxitaidi_Satellite358.png
Moxitaidi_Satellite360.png,Moxitaidi_Satellite360.png
Moxitaidi_Satellite362.png,Moxitaidi_Satellite362.png
Moxitaidi_Satellite363.png,Moxitaidi_Satellite363.png
Moxitaidi_Satellite364.png,Moxitaidi_Satellite364.png
Moxitaidi_Satellite365.png,Moxitaidi_Satellite365.png
Moxitaidi_Satellite366.png,Moxitaidi_Satellite366.png
Moxitaidi_Satellite368.png,Moxitaidi_Satellite368.png
Moxitaidi_Satellite369.png,Moxitaidi_Satellite369.png
Moxitaidi_Satellite370.png,Moxitaidi_Satellite370.png
Moxitaidi_Satellite372.png,Moxitaidi_Satellite372.png
Moxitaidi_Satellite373.png,Moxitaidi_Satellite373.png
Moxitaidi_Satellite375.png,Moxitaidi_Satellite375.png
Moxitaidi_Satellite377.png,Moxitaidi_Satellite377.png
Moxitaidi_Satellite378.png,Moxitaidi_Satellite378.png
Moxitaidi_Satellite379.png,Moxitaidi_Satellite379.png
Moxitaidi_Satellite381.png,Moxitaidi_Satellite381.png
Moxitaidi_Satellite382.png,Moxitaidi_Satellite382.png
Moxitaidi_Satellite383.png,Moxitaidi_Satellite383.png
Moxitaidi_Satellite384.png,Moxitaidi_Satellite384.png
Moxitaidi_Satellite386.png,Moxitaidi_Satellite386.png
Moxitaidi_Satellite387.png,Moxitaidi_Satellite387.png
Moxitaidi_Satellite389.png,Moxitaidi_Satellite389.png
Moxitaidi_Satellite390.png,Moxitaidi_Satellite390.png
Moxitaidi_Satellite391.png,Moxitaidi_Satellite391.png
Moxitaidi_Satellite392.png,Moxitaidi_Satellite392.png
Moxitaidi_Satellite393.png,Moxitaidi_Satellite393.png
Moxitaidi_Satellite395.png,Moxitaidi_Satellite395.png
Moxitaidi_Satellite396.png,Moxitaidi_Satellite396.png
Moxitaidi_Satellite398.png,Moxitaidi_Satellite398.png
Moxitaidi_Satellite399.png,Moxitaidi_Satellite399.png
Moxitaidi_Satellite400.png,Moxitaidi_Satellite400.png
Moxitaidi_Satellite401.png,Moxitaidi_Satellite401.png
Moxitaidi_Satellite402.png,Moxitaidi_Satellite402.png
Moxitaidi_Satellite405.png,Moxitaidi_Satellite405.png
Moxitaidi_Satellite406.png,Moxitaidi_Satellite406.png
Moxitaidi_Satellite407.png,Moxitaidi_Satellite407.png
Moxitaidi_Satellite408.png,Moxitaidi_Satellite408.png
Moxitaidi_Satellite409.png,Moxitaidi_Satellite409.png
Moxitaidi_Satellite410.png,Moxitaidi_Satellite410.png
Moxitaidi_Satellite411.png,Moxitaidi_Satellite411.png
Moxitaidi_Satellite412.png,Moxitaidi_Satellite412.png
Moxitaidi_Satellite413.png,Moxitaidi_Satellite413.png
Moxitaidi_Satellite414.png,Moxitaidi_Satellite414.png
Moxitaidi_Satellite416.png,Moxitaidi_Satellite416.png
Moxitaidi_Satellite417.png,Moxitaidi_Satellite417.png
Moxitaidi_Satellite418.png,Moxitaidi_Satellite418.png
Moxitaidi_Satellite419.png,Moxitaidi_Satellite419.png
Moxitaidi_Satellite420.png,Moxitaidi_Satellite420.png
Moxitaidi_Satellite422.png,Moxitaidi_Satellite422.png
Moxitaidi_Satellite424.png,Moxitaidi_Satellite424.png
Moxitaidi_Satellite425.png,Moxitaidi_Satellite425.png
Moxitaidi_Satellite426.png,Moxitaidi_Satellite426.png
Moxitaidi_Satellite427.png,Moxitaidi_Satellite427.png
Moxitaidi_Satellite428.png,Moxitaidi_Satellite428.png
Moxitaidi_Satellite429.png,Moxitaidi_Satellite429.png
Moxitaidi_Satellite430.png,Moxitaidi_Satellite430.png
Moxitaidi_Satellite431.png,Moxitaidi_Satellite431.png
Moxitaidi_Satellite434.png,Moxitaidi_Satellite434.png
Moxitaidi_Satellite435.png,Moxitaidi_Satellite435.png
Moxitaidi_Satellite437.png,Moxitaidi_Satellite437.png
Moxitaidi_Satellite442.png,Moxitaidi_Satellite442.png
Moxitaidi_Satellite443.png,Moxitaidi_Satellite443.png
Moxitaidi_Satellite444.png,Moxitaidi_Satellite444.png
Moxitaidi_Satellite445.png,Moxitaidi_Satellite445.png
Moxitaidi_Satellite446.png,Moxitaidi_Satellite446.png
Moxitaidi_Satellite447.png,Moxitaidi_Satellite447.png
Moxitaidi_Satellite448.png,Moxitaidi_Satellite448.png
Moxitaidi_Satellite449.png,Moxitaidi_Satellite449.png
Moxitaidi_Satellite452.png,Moxitaidi_Satellite452.png
Moxitaidi_Satellite454.png,Moxitaidi_Satellite454.png
Moxitaidi_Satellite455.png,Moxitaidi_Satellite455.png
Moxitaidi_Satellite457.png,Moxitaidi_Satellite457.png
Moxitaidi_Satellite458.png,Moxitaidi_Satellite458.png
Moxitaidi_Satellite459.png,Moxitaidi_Satellite459.png
Moxitaidi_Satellite460.png,Moxitaidi_Satellite460.png
Moxitaidi_Satellite462.png,Moxitaidi_Satellite462.png
Moxitaidi_Satellite463.png,Moxitaidi_Satellite463.png
Moxitaidi_Satellite464.png,Moxitaidi_Satellite464.png
Moxitaidi_Satellite465.png,Moxitaidi_Satellite465.png
Moxitaidi_Satellite467.png,Moxitaidi_Satellite467.png
Moxitaidi_Satellite468.png,Moxitaidi_Satellite468.png
Moxitaidi_Satellite470.png,Moxitaidi_Satellite470.png
Moxitaidi_Satellite471.png,Moxitaidi_Satellite471.png
Moxitaidi_Satellite472.png,Moxitaidi_Satellite472.png
Moxitaidi_Satellite474.png,Moxitaidi_Satellite474.png
Moxitaidi_Satellite475.png,Moxitaidi_Satellite475.png
Moxitaidi_Satellite477.png,Moxitaidi_Satellite477.png
Moxitaidi_Satellite478.png,Moxitaidi_Satellite478.png
Moxitaidi_Satellite479.png,Moxitaidi_Satellite479.png
Moxitaidi_Satellite480.png,Moxitaidi_Satellite480.png
Moxitaidi_Satellite481.png,Moxitaidi_Satellite481.png
Moxitaidi_Satellite482.png,Moxitaidi_Satellite482.png
Moxitaidi_Satellite483.png,Moxitaidi_Satellite483.png
Moxitaidi_Satellite484.png,Moxitaidi_Satellite484.png
Moxitaidi_Satellite485.png,Moxitaidi_Satellite485.png
Moxitaidi_Satellite486.png,Moxitaidi_Satellite486.png
Moxitaidi_Satellite488.png,Moxitaidi_Satellite488.png
Moxitaidi_Satellite489.png,Moxitaidi_Satellite489.png
Moxitaidi_Satellite490.png,Moxitaidi_Satellite490.png
Moxitaidi_Satellite491.png,Moxitaidi_Satellite491.png
Moxitaidi_Satellite492.png,Moxitaidi_Satellite492.png
Moxitaidi_Satellite493.png,Moxitaidi_Satellite493.png
Moxitaidi_Satellite494.png,Moxitaidi_Satellite494.png
Moxitaidi_Satellite496.png,Moxitaidi_Satellite496.png
Moxitaidi_Satellite497.png,Moxitaidi_Satellite497.png
Moxitaidi_Satellite498.png,Moxitaidi_Satellite498.png
Moxitaidi_Satellite500.png,Moxitaidi_Satellite500.png
Moxitaidi_Satellite501.png,Moxitaidi_Satellite501.png
Moxitaidi_Satellite502.png,Moxitaidi_Satellite502.png
Moxitaidi_Satellite505.png,Moxitaidi_Satellite505.png
Moxitaidi_Satellite506.png,Moxitaidi_Satellite506.png
Moxitaidi_Satellite507.png,Moxitaidi_Satellite507.png
Moxitaidi_Satellite508.png,Moxitaidi_Satellite508.png
Moxitaidi_Satellite510.png,Moxitaidi_Satellite510.png
Moxitaidi_Satellite512.png,Moxitaidi_Satellite512.png
Moxitaidi_Satellite516.png,Moxitaidi_Satellite516.png
Moxitaidi_Satellite518.png,Moxitaidi_Satellite518.png
Moxitaidi_Satellite519.png,Moxitaidi_Satellite519.png
Moxitaidi_Satellite520.png,Moxitaidi_Satellite520.png
Moxitaidi_Satellite521.png,Moxitaidi_Satellite521.png
Moxitaidi_Satellite522.png,Moxitaidi_Satellite522.png
Moxitaidi_Satellite523.png,Moxitaidi_Satellite523.png
Moxitaidi_Satellite524.png,Moxitaidi_Satellite524.png
Moxitaidi_Satellite526.png,Moxitaidi_Satellite526.png
Moxitaidi_Satellite527.png,Moxitaidi_Satellite527.png
Moxitaidi_Satellite528.png,Moxitaidi_Satellite528.png
Moxitaidi_Satellite529.png,Moxitaidi_Satellite529.png
Moxitaidi_Satellite530.png,Moxitaidi_Satellite530.png
Moxitaidi_Satellite531.png,Moxitaidi_Satellite531.png
Moxitaidi_Satellite532.png,Moxitaidi_Satellite532.png
Moxitaidi_Satellite533.png,Moxitaidi_Satellite533.png
Moxitaidi_Satellite534.png,Moxitaidi_Satellite534.png
Moxitaidi_Satellite537.png,Moxitaidi_Satellite537.png
Moxitaidi_Satellite540.png,Moxitaidi_Satellite540.png
Moxitaidi_Satellite541.png,Moxitaidi_Satellite541.png
Moxitaidi_Satellite543.png,Moxitaidi_Satellite543.png
Moxitaidi_Satellite544.png,Moxitaidi_Satellite544.png
Moxitaidi_Satellite545.png,Moxitaidi_Satellite545.png
Moxitaidi_Satellite546.png,Moxitaidi_Satellite546.png
Moxitaidi_Satellite548.png,Moxitaidi_Satellite548.png
Moxitaidi_Satellite549.png,Moxitaidi_Satellite549.png
Moxitaidi_Satellite550.png,Moxitaidi_Satellite550.png
Moxitaidi_Satellite553.png,Moxitaidi_Satellite553.png
Moxitaidi_Satellite556.png,Moxitaidi_Satellite556.png
Moxitaidi_Satellite557.png,Moxitaidi_Satellite557.png
Moxitaidi_Satellite558.png,Moxitaidi_Satellite558.png
Moxitaidi_Satellite559.png,Moxitaidi_Satellite559.png
Moxitaidi_Satellite560.png,Moxitaidi_Satellite560.png
Moxitaidi_Satellite561.png,Moxitaidi_Satellite561.png
Moxitaidi_Satellite562.png,Moxitaidi_Satellite562.png
Moxitaidi_Satellite563.png,Moxitaidi_Satellite563.png
Moxitaidi_Satellite564.png,Moxitaidi_Satellite564.png
Moxitaidi_Satellite567.png,Moxitaidi_Satellite567.png
Moxitaidi_Satellite570.png,Moxitaidi_Satellite570.png
Moxitaidi_Satellite571.png,Moxitaidi_Satellite571.png
Moxitaidi_Satellite572.png,Moxitaidi_Satellite572.png
Moxitaidi_Satellite574.png,Moxitaidi_Satellite574.png
Moxitaidi_Satellite579.png,Moxitaidi_Satellite579.png
Moxitaidi_Satellite580.png,Moxitaidi_Satellite580.png
Moxitaidi_Satellite581.png,Moxitaidi_Satellite581.png
Moxitaidi_Satellite583.png,Moxitaidi_Satellite583.png
Moxitaidi_Satellite584.png,Moxitaidi_Satellite584.png
Moxitaidi_Satellite586.png,Moxitaidi_Satellite586.png
Moxitaidi_Satellite588.png,Moxitaidi_Satellite588.png
Moxitaidi_Satellite590.png,Moxitaidi_Satellite590.png
Moxitaidi_Satellite591.png,Moxitaidi_Satellite591.png
Moxitaidi_Satellite595.png,Moxitaidi_Satellite595.png
Moxitaidi_Satellite596.png,Moxitaidi_Satellite596.png
Moxitaidi_Satellite598.png,Moxitaidi_Satellite598.png
Moxitaidi_Satellite599.png,Moxitaidi_Satellite599.png
Moxitaidi_Satellite600.png,Moxitaidi_Satellite600.png
Moxitaidi_Satellite602.png,Moxitaidi_Satellite602.png
Moxitaidi_Satellite604.png,Moxitaidi_Satellite604.png
Moxitaidi_Satellite605.png,Moxitaidi_Satellite605.png
Moxitaidi_Satellite606.png,Moxitaidi_Satellite606.png
Moxitaidi_Satellite607.png,Moxitaidi_Satellite607.png
Moxitaidi_Satellite608.png,Moxitaidi_Satellite608.png
Moxitaidi_Satellite609.png,Moxitaidi_Satellite609.png
Moxitaidi_Satellite610.png,Moxitaidi_Satellite610.png
Moxitaidi_Satellite611.png,Moxitaidi_Satellite611.png
Moxitaidi_Satellite612.png,Moxitaidi_Satellite612.png
Moxitaidi_Satellite613.png,Moxitaidi_Satellite613.png
Moxitaidi_Satellite614.png,Moxitaidi_Satellite614.png
Moxitaidi_Satellite616.png,Moxitaidi_Satellite616.png
Moxitaidi_Satellite619.png,Moxitaidi_Satellite619.png
Moxitaidi_Satellite620.png,Moxitaidi_Satellite620.png
Moxitaidi_Satellite621.png,Moxitaidi_Satellite621.png
Moxitaidi_Satellite623.png,Moxitaidi_Satellite623.png
Moxitaidi_Satellite624.png,Moxitaidi_Satellite624.png
Moxitaidi_Satellite627.png,Moxitaidi_Satellite627.png
Moxitaidi_Satellite628.png,Moxitaidi_Satellite628.png
Moxitaidi_Satellite629.png,Moxitaidi_Satellite629.png
Moxitaidi_Satellite631.png,Moxitaidi_Satellite631.png
Moxitaidi_Satellite632.png,Moxitaidi_Satellite632.png
Moxitaidi_Satellite633.png,Moxitaidi_Satellite633.png
Moxitaidi_Satellite634.png,Moxitaidi_Satellite634.png
Moxitaidi_Satellite635.png,Moxitaidi_Satellite635.png
Moxitaidi_Satellite636.png,Moxitaidi_Satellite636.png
Moxitaidi_Satellite637.png,Moxitaidi_Satellite637.png
Moxitaidi_Satellite639.png,Moxitaidi_Satellite639.png
Moxitaidi_Satellite640.png,Moxitaidi_Satellite640.png
Moxitaidi_Satellite641.png,Moxitaidi_Satellite641.png
Moxitaidi_Satellite642.png,Moxitaidi_Satellite642.png
Moxitaidi_Satellite644.png,Moxitaidi_Satellite644.png
Moxitaidi_Satellite646.png,Moxitaidi_Satellite646.png
Moxitaidi_Satellite647.png,Moxitaidi_Satellite647.png
Moxitaidi_Satellite649.png,Moxitaidi_Satellite649.png
Moxitaidi_Satellite650.png,Moxitaidi_Satellite650.png
Palu0001.png,Palu0001.png
Palu0002.png,Palu0002.png
Palu0004.png,Palu0004.png
Palu0005.png,Palu0005.png
Palu0006.png,Palu0006.png
Palu0009.png,Palu0009.png
Palu0011.png,Palu0011.png
Palu0012.png,Palu0012.png
Palu0013.png,Palu0013.png
Palu0014.png,Palu0014.png
Palu0015.png,Palu0015.png
Palu0018.png,Palu0018.png
Palu0020.png,Palu0020.png
Palu0021.png,Palu0021.png
Palu0022.png,Palu0022.png
Palu0023.png,Palu0023.png
Palu0024.png,Palu0024.png
Palu0025.png,Palu0025.png
Palu0026.png,Palu0026.png
Palu0028.png,Palu0028.png
Palu0029.png,Palu0029.png
Palu0031.png,Palu0031.png
Palu0032.png,Palu0032.png
Palu0034.png,Palu0034.png
Palu0037.png,Palu0037.png
Palu0038.png,Palu0038.png
Palu0039.png,Palu0039.png
Palu0041.png,Palu0041.png
Palu0042.png,Palu0042.png
Palu0043.png,Palu0043.png
Palu0046.png,Palu0046.png
Palu0048.png,Palu0048.png
Palu0049.png,Palu0049.png
Palu0050.png,Palu0050.png
Palu0051.png,Palu0051.png
Palu0054.png,Palu0054.png
Palu0059.png,Palu0059.png
Palu0060.png,Palu0060.png
Palu0061.png,Palu0061.png
Palu0063.png,Palu0063.png
Palu0066.png,Palu0066.png
Palu0071.png,Palu0071.png
Palu0072.png,Palu0072.png
Palu0073.png,Palu0073.png
Palu0078.png,Palu0078.png
Palu0079.png,Palu0079.png
Palu0083.png,Palu0083.png
Palu0084.png,Palu0084.png
Palu0085.png,Palu0085.png
Palu0088.png,Palu0088.png
Palu0089.png,Palu0089.png
Palu0090.png,Palu0090.png
Palu0091.png,Palu0091.png
Palu0093.png,Palu0093.png
Palu0094.png,Palu0094.png
Palu0098.png,Palu0098.png
Palu0106.png,Palu0106.png
Palu0107.png,Palu0107.png
Palu0108.png,Palu0108.png
Palu0112.png,Palu0112.png
Palu0118.png,Palu0118.png
Palu0121.png,Palu0121.png
Palu0125.png,Palu0125.png
Palu0126.png,Palu0126.png
Palu0130.png,Palu0130.png
Palu0132.png,Palu0132.png
Palu0133.png,Palu0133.png
Palu0134.png,Palu0134.png
Palu0138.png,Palu0138.png
Palu0140.png,Palu0140.png
Palu0141.png,Palu0141.png
Palu0142.png,Palu0142.png
Palu0147.png,Palu0147.png
Palu0151.png,Palu0151.png
Palu0152.png,Palu0152.png
Palu0167.png,Palu0167.png
Palu0172.png,Palu0172.png
Palu0175.png,Palu0175.png
Palu0177.png,Palu0177.png
Palu0178.png,Palu0178.png
Palu0181.png,Palu0181.png
Palu0182.png,Palu0182.png
Palu0186.png,Palu0186.png
Palu0194.png,Palu0194.png
Palu0195.png,Palu0195.png
Palu0196.png,Palu0196.png
Palu0197.png,Palu0197.png
Palu0200.png,Palu0200.png
Palu0201.png,Palu0201.png
Palu0202.png,Palu0202.png
Palu0206.png,Palu0206.png
Palu0210.png,Palu0210.png
Palu0211.png,Palu0211.png
Palu0215.png,Palu0215.png
Palu0216.png,Palu0216.png
Palu0217.png,Palu0217.png
Palu0220.png,Palu0220.png
Palu0221.png,Palu0221.png
Palu0222.png,Palu0222.png
Palu0225.png,Palu0225.png
Palu0226.png,Palu0226.png
Palu0227.png,Palu0227.png
Palu0229.png,Palu0229.png
Palu0231.png,Palu0231.png
Palu0232.png,Palu0232.png
Palu0233.png,Palu0233.png
Palu0236.png,Palu0236.png
Palu0238.png,Palu0238.png
Palu0239.png,Palu0239.png
Palu0241.png,Palu0241.png
Palu0250.png,Palu0250.png
Palu0253.png,Palu0253.png
Palu0254.png,Palu0254.png
Palu0256.png,Palu0256.png
Palu0257.png,Palu0257.png
Palu0258.png,Palu0258.png
Palu0259.png,Palu0259.png
Palu0260.png,Palu0260.png
Palu0263.png,Palu0263.png
Palu0267.png,Palu0267.png
Palu0269.png,Palu0269.png
Palu0270.png,Palu0270.png
Palu0271.png,Palu0271.png
Palu0272.png,Palu0272.png
Palu0273.png,Palu0273.png
Palu0275.png,Palu0275.png
Palu0279.png,Palu0279.png
Palu0280.png,Palu0280.png
Palu0281.png,Palu0281.png
Palu0286.png,Palu0286.png
Palu0287.png,Palu0287.png
Palu0288.png,Palu0288.png
Palu0290.png,Palu0290.png
Palu0294.png,Palu0294.png
Palu0295.png,Palu0295.png
Palu0296.png,Palu0296.png
Palu0300.png,Palu0300.png
Palu0301.png,Palu0301.png
Palu0302.png,Palu0302.png
Palu0303.png,Palu0303.png
Palu0304.png,Palu0304.png
Palu0306.png,Palu0306.png
Palu0307.png,Palu0307.png
Palu0310.png,Palu0310.png
Palu0311.png,Palu0311.png
Palu0313.png,Palu0313.png
Palu0317.png,Palu0317.png
Palu0318.png,Palu0318.png
Palu0319.png,Palu0319.png
Palu0321.png,Palu0321.png
Palu0325.png,Palu0325.png
Palu0327.png,Palu0327.png
Palu0329.png,Palu0329.png
Palu0330.png,Palu0330.png
Palu0331.png,Palu0331.png
Palu0336.png,Palu0336.png
Palu0337.png,Palu0337.png
Palu0338.png,Palu0338.png
Palu0339.png,Palu0339.png
Palu0342.png,Palu0342.png
Palu0343.png,Palu0343.png
Palu0344.png,Palu0344.png
Palu0345.png,Palu0345.png
Palu0346.png,Palu0346.png
Palu0348.png,Palu0348.png
Palu0349.png,Palu0349.png
Palu0350.png,Palu0350.png
Palu0351.png,Palu0351.png
Palu0353.png,Palu0353.png
Palu0357.png,Palu0357.png
Palu0361.png,Palu0361.png
Palu0362.png,Palu0362.png
Palu0363.png,Palu0363.png
Palu0367.png,Palu0367.png
Palu0373.png,Palu0373.png
Palu0374.png,Palu0374.png
Palu0375.png,Palu0375.png
Palu0377.png,Palu0377.png
Palu0378.png,Palu0378.png
Palu0379.png,Palu0379.png
Palu0380.png,Palu0380.png
Palu0384.png,Palu0384.png
Palu0385.png,Palu0385.png
Palu0386.png,Palu0386.png
Palu0387.png,Palu0387.png
Palu0390.png,Palu0390.png
Palu0391.png,Palu0391.png
Palu0392.png,Palu0392.png
Palu0394.png,Palu0394.png
Palu0400.png,Palu0400.png
Palu0401.png,Palu0401.png
Palu0403.png,Palu0403.png
Palu0407.png,Palu0407.png
Palu0408.png,Palu0408.png
Palu0409.png,Palu0409.png
Palu0410.png,Palu0410.png
Palu0415.png,Palu0415.png
Palu0416.png,Palu0416.png
Palu0418.png,Palu0418.png
Palu0419.png,Palu0419.png
Palu0420.png,Palu0420.png
Palu0421.png,Palu0421.png
Palu0427.png,Palu0427.png
Palu0428.png,Palu0428.png
Palu0434.png,Palu0434.png
Palu0439.png,Palu0439.png
Palu0446.png,Palu0446.png
Palu0448.png,Palu0448.png
Palu0449.png,Palu0449.png
Palu0450.png,Palu0450.png
Palu0452.png,Palu0452.png
Palu0453.png,Palu0453.png
Palu0455.png,Palu0455.png
Palu0459.png,Palu0459.png
Palu0460.png,Palu0460.png
Palu0463.png,Palu0463.png
Palu0464.png,Palu0464.png
Palu0468.png,Palu0468.png
Palu0469.png,Palu0469.png
Palu0479.png,Palu0479.png
Palu0482.png,Palu0482.png
Palu0485.png,Palu0485.png
Palu0487.png,Palu0487.png
Palu0491.png,Palu0491.png
Palu0492.png,Palu0492.png
Palu0493.png,Palu0493.png
Palu0494.png,Palu0494.png
Palu0495.png,Palu0495.png
Palu0496.png,Palu0496.png
Palu0502.png,Palu0502.png
Palu0504.png,Palu0504.png
Palu0506.png,Palu0506.png
Palu0508.png,Palu0508.png
Palu0509.png,Palu0509.png
Palu0510.png,Palu0510.png
Palu0512.png,Palu0512.png
Palu0513.png,Palu0513.png
Palu0514.png,Palu0514.png
Palu0515.png,Palu0515.png
Palu0521.png,Palu0521.png
Palu0522.png,Palu0522.png
Palu0524.png,Palu0524.png
Palu0525.png,Palu0525.png
Palu0526.png,Palu0526.png
Palu0528.png,Palu0528.png
Palu0532.png,Palu0532.png
Palu0534.png,Palu0534.png
Palu0536.png,Palu0536.png
Palu0537.png,Palu0537.png
Palu0538.png,Palu0538.png
Palu0539.png,Palu0539.png
Palu0540.png,Palu0540.png
Palu0541.png,Palu0541.png
Palu0545.png,Palu0545.png
Palu0546.png,Palu0546.png
Palu0548.png,Palu0548.png
Palu0550.png,Palu0550.png
Palu0551.png,Palu0551.png
Palu0552.png,Palu0552.png
Palu0553.png,Palu0553.png
Palu0554.png,Palu0554.png
Palu0555.png,Palu0555.png
Palu0556.png,Palu0556.png
Palu0557.png,Palu0557.png
Palu0561.png,Palu0561.png
Palu0566.png,Palu0566.png
Palu0567.png,Palu0567.png
Palu0569.png,Palu0569.png
Palu0570.png,Palu0570.png
Palu0571.png,Palu0571.png
Palu0573.png,Palu0573.png
Palu0574.png,Palu0574.png
Palu0578.png,Palu0578.png
Palu0580.png,Palu0580.png
Palu0581.png,Palu0581.png
Palu0582.png,Palu0582.png
Palu0583.png,Palu0583.png
Palu0585.png,Palu0585.png
Palu0587.png,Palu0587.png
Palu0592.png,Palu0592.png
Palu0593.png,Palu0593.png
Palu0594.png,Palu0594.png
Palu0601.png,Palu0601.png
Palu0602.png,Palu0602.png
Palu0603.png,Palu0603.png
Palu0607.png,Palu0607.png
Palu0608.png,Palu0608.png
Palu0609.png,Palu0609.png
Palu0610.png,Palu0610.png
Palu0611.png,Palu0611.png
Palu0613.png,Palu0613.png
Palu0616.png,Palu0616.png
Palu0618.png,Palu0618.png
Palu0620.png,Palu0620.png
Palu0624.png,Palu0624.png
Palu0625.png,Palu0625.png
Palu0630.png,Palu0630.png
Palu0631.png,Palu0631.png
Palu0632.png,Palu0632.png
Palu0633.png,Palu0633.png
Palu0634.png,Palu0634.png
Palu0636.png,Palu0636.png
Palu0638.png,Palu0638.png
Palu0639.png,Palu0639.png
Palu0640.png,Palu0640.png
Palu0641.png,Palu0641.png
Palu0643.png,Palu0643.png
Palu0644.png,Palu0644.png
Palu0646.png,Palu0646.png
Palu0652.png,Palu0652.png
Palu0654.png,Palu0654.png
Palu0655.png,Palu0655.png
Palu0656.png,Palu0656.png
Palu0660.png,Palu0660.png
Palu0661.png,Palu0661.png
Palu0662.png,Palu0662.png
Palu0663.png,Palu0663.png
Palu0664.png,Palu0664.png
Palu0665.png,Palu0665.png
Palu0674.png,Palu0674.png
Palu0676.png,Palu0676.png
Palu0678.png,Palu0678.png
Palu0679.png,Palu0679.png
Palu0682.png,Palu0682.png
Palu0684.png,Palu0684.png
Palu0685.png,Palu0685.png
Palu0687.png,Palu0687.png
Palu0688.png,Palu0688.png
Palu0690.png,Palu0690.png
Palu0691.png,Palu0691.png
Palu0692.png,Palu0692.png
Palu0693.png,Palu0693.png
Palu0695.png,Palu0695.png
Palu0699.png,Palu0699.png
Palu0700.png,Palu0700.png
Palu0701.png,Palu0701.png
Palu0707.png,Palu0707.png
Palu0710.png,Palu0710.png
Palu0711.png,Palu0711.png
Palu0712.png,Palu0712.png
Palu0713.png,Palu0713.png
Palu0714.png,Palu0714.png
Palu0716.png,Palu0716.png
Palu0717.png,Palu0717.png
Palu0722.png,Palu0722.png
Palu0725.png,Palu0725.png
Palu0727.png,Palu0727.png
Palu0728.png,Palu0728.png
Palu0729.png,Palu0729.png
Palu0730.png,Palu0730.png
Palu0731.png,Palu0731.png
Palu0732.png,Palu0732.png
Palu0733.png,Palu0733.png
Palu0734.png,Palu0734.png
Palu0735.png,Palu0735.png
Palu0736.png,Palu0736.png
Palu0738.png,Palu0738.png
Palu0739.png,Palu0739.png
Palu0740.png,Palu0740.png
Palu0741.png,Palu0741.png
Palu0744.png,Palu0744.png
Palu0745.png,Palu0745.png
Palu0751.png,Palu0751.png
Palu0752.png,Palu0752.png
Palu0753.png,Palu0753.png
Palu0755.png,Palu0755.png
Palu0756.png,Palu0756.png
Palu0759.png,Palu0759.png
Palu0760.png,Palu0760.png
Palu0761.png,Palu0761.png
Palu0762.png,Palu0762.png
Palu0764.png,Palu0764.png
Palu0773.png,Palu0773.png
Palu0774.png,Palu0774.png
Palu0776.png,Palu0776.png
Palu0777.png,Palu0777.png
Palu0782.png,Palu0782.png
Palu0784.png,Palu0784.png
Palu0785.png,Palu0785.png
Palu0786.png,Palu0786.png
Palu0787.png,Palu0787.png
Palu0792.png,Palu0792.png
Palu0793.png,Palu0793.png
Palu0794.png,Palu0794.png
Palu0795.png,Palu0795.png
Palu0797.png,Palu0797.png
Palu0803.png,Palu0803.png
Palu0804.png,Palu0804.png
Palu0806.png,Palu0806.png
Palu0807.png,Palu0807.png
Palu0814.png,Palu0814.png
Palu0815.png,Palu0815.png
Palu0816.png,Palu0816.png
Palu0817.png,Palu0817.png
Palu0818.png,Palu0818.png
Palu0819.png,Palu0819.png
Palu0820.png,Palu0820.png
Palu0827.png,Palu0827.png
Palu0831.png,Palu0831.png
Palu0833.png,Palu0833.png
Palu0834.png,Palu0834.png
Palu0837.png,Palu0837.png
Palu0839.png,Palu0839.png
Palu0842.png,Palu0842.png
Palu0843.png,Palu0843.png
Palu0844.png,Palu0844.png
Palu0845.png,Palu0845.png
Palu0846.png,Palu0846.png
Palu0850.png,Palu0850.png
Palu0852.png,Palu0852.png
Palu0854.png,Palu0854.png
Palu0855.png,Palu0855.png
Palu0857.png,Palu0857.png
Palu0862.png,Palu0862.png
Palu0863.png,Palu0863.png
Palu0864.png,Palu0864.png
Palu0865.png,Palu0865.png
Palu0868.png,Palu0868.png
Palu0870.png,Palu0870.png
Palu0871.png,Palu0871.png
Palu0874.png,Palu0874.png
Palu0876.png,Palu0876.png
Palu0877.png,Palu0877.png
Palu0878.png,Palu0878.png
Palu0879.png,Palu0879.png
Palu0887.png,Palu0887.png
Palu0888.png,Palu0888.png
Palu0889.png,Palu0889.png
Palu0890.png,Palu0890.png
Palu0891.png,Palu0891.png
Palu0892.png,Palu0892.png
Palu0894.png,Palu0894.png
Palu0896.png,Palu0896.png
Palu0900.png,Palu0900.png
Palu0902.png,Palu0902.png
Palu0903.png,Palu0903.png
Palu0904.png,Palu0904.png
Palu0905.png,Palu0905.png
Palu0906.png,Palu0906.png
Palu0911.png,Palu0911.png
Palu0912.png,Palu0912.png
Palu0915.png,Palu0915.png
Palu0917.png,Palu0917.png
Palu0919.png,Palu0919.png
Palu0920.png,Palu0920.png
Palu0921.png,Palu0921.png
Palu0923.png,Palu0923.png
Palu0924.png,Palu0924.png
Palu0926.png,Palu0926.png
Palu0928.png,Palu0928.png
Palu0929.png,Palu0929.png
Palu0930.png,Palu0930.png
Palu0931.png,Palu0931.png
Palu0932.png,Palu0932.png
Palu0938.png,Palu0938.png
Palu0940.png,Palu0940.png
Palu0943.png,Palu0943.png
Palu0945.png,Palu0945.png
Palu0947.png,Palu0947.png
Palu0948.png,Palu0948.png
Palu0949.png,Palu0949.png
Palu0950.png,Palu0950.png
Palu0952.png,Palu0952.png
Palu0953.png,Palu0953.png
Palu0955.png,Palu0955.png
Palu0956.png,Palu0956.png
Palu0957.png,Palu0957.png
Palu0961.png,Palu0961.png
Palu0963.png,Palu0963.png
Palu0965.png,Palu0965.png
Palu0968.png,Palu0968.png
Palu0970.png,Palu0970.png
Palu0973.png,Palu0973.png
Palu0974.png,Palu0974.png
Palu0977.png,Palu0977.png
Palu0978.png,Palu0978.png
Palu0981.png,Palu0981.png
Palu0982.png,Palu0982.png
Palu0984.png,Palu0984.png
Palu0985.png,Palu0985.png
Palu0986.png,Palu0986.png
Palu0990.png,Palu0990.png
Palu0991.png,Palu0991.png
Palu0993.png,Palu0993.png
Palu0994.png,Palu0994.png
Palu0995.png,Palu0995.png
Palu0996.png,Palu0996.png
Palu0997.png,Palu0997.png
Palu0998.png,Palu0998.png
Palu1001.png,Palu1001.png
Palu1004.png,Palu1004.png
Palu1005.png,Palu1005.png
Palu1007.png,Palu1007.png
Palu1008.png,Palu1008.png
Palu1009.png,Palu1009.png
Palu1010.png,Palu1010.png
Palu1011.png,Palu1011.png
Palu1016.png,Palu1016.png
Palu1018.png,Palu1018.png
Palu1019.png,Palu1019.png
Palu1020.png,Palu1020.png
Palu1023.png,Palu1023.png
Palu1028.png,Palu1028.png
Palu1029.png,Palu1029.png
Palu1030.png,Palu1030.png
Palu1031.png,Palu1031.png
Palu1033.png,Palu1033.png
Palu1037.png,Palu1037.png
Palu1039.png,Palu1039.png
Palu1042.png,Palu1042.png
Palu1045.png,Palu1045.png
Palu1046.png,Palu1046.png
Palu1050.png,Palu1050.png
Palu1054.png,Palu1054.png
Palu1056.png,Palu1056.png
Palu1057.png,Palu1057.png
Palu1059.png,Palu1059.png
Palu1062.png,Palu1062.png
Palu1063.png,Palu1063.png
Palu1064.png,Palu1064.png
Palu1069.png,Palu1069.png
Palu1070.png,Palu1070.png
Palu1071.png,Palu1071.png
Palu1072.png,Palu1072.png
Palu1073.png,Palu1073.png
Palu1074.png,Palu1074.png
Palu1075.png,Palu1075.png
Palu1076.png,Palu1076.png
Palu1078.png,Palu1078.png
Palu1079.png,Palu1079.png
Palu1080.png,Palu1080.png
Palu1082.png,Palu1082.png
Palu1083.png,Palu1083.png
Palu1084.png,Palu1084.png
Palu1085.png,Palu1085.png
Palu1087.png,Palu1087.png
Palu1089.png,Palu1089.png
Palu1090.png,Palu1090.png
Palu1091.png,Palu1091.png
wenchuan002.png,wenchuan002.png
wenchuan003.png,wenchuan003.png
wenchuan004.png,wenchuan004.png
wenchuan005.png,wenchuan005.png
wenchuan006.png,wenchuan006.png
wenchuan007.png,wenchuan007.png
wenchuan008.png,wenchuan008.png
wenchuan009.png,wenchuan009.png
wenchuan012.png,wenchuan012.png
wenchuan013.png,wenchuan013.png
wenchuan015.png,wenchuan015.png
wenchuan016.png,wenchuan016.png
wenchuan017.png,wenchuan017.png
wenchuan018.png,wenchuan018.png
wenchuan019.png,wenchuan019.png
wenchuan020.png,wenchuan020.png
wenchuan021.png,wenchuan021.png
wenchuan022.png,wenchuan022.png
wenchuan023.png,wenchuan023.png
wenchuan024.png,wenchuan024.png
wenchuan025.png,wenchuan025.png
wenchuan026.png,wenchuan026.png
wenchuan028.png,wenchuan028.png
wenchuan029.png,wenchuan029.png
wenchuan030.png,wenchuan030.png
wenchuan031.png,wenchuan031.png
wenchuan032.png,wenchuan032.png
wenchuan034.png,wenchuan034.png
wenchuan035.png,wenchuan035.png
wenchuan036.png,wenchuan036.png
wenchuan038.png,wenchuan038.png
wenchuan039.png,wenchuan039.png
wenchuan041.png,wenchuan041.png
wenchuan044.png,wenchuan044.png
wenchuan048.png,wenchuan048.png
wenchuan049.png,wenchuan049.png
wenchuan050.png,wenchuan050.png
wenchuan051.png,wenchuan051.png
wenchuan055.png,wenchuan055.png
wenchuan056.png,wenchuan056.png
wenchuan060.png,wenchuan060.png
wenchuan061.png,wenchuan061.png
wenchuan062.png,wenchuan062.png
wenchuan063.png,wenchuan063.png
wenchuan064.png,wenchuan064.png
wenchuan065.png,wenchuan065.png
wenchuan067.png,wenchuan067.png
wenchuan069.png,wenchuan069.png
wenchuan073.png,wenchuan073.png
wenchuan074.png,wenchuan074.png
wenchuan076.png,wenchuan076.png
wenchuan077.png,wenchuan077.png
wenchuan078.png,wenchuan078.png
wenchuan080.png,wenchuan080.png
wenchuan081.png,wenchuan081.png
wenchuan082.png,wenchuan082.png
wenchuan083.png,wenchuan083.png
wenchuan085.png,wenchuan085.png
wenchuan086.png,wenchuan086.png
wenchuan087.png,wenchuan087.png
wenchuan088.png,wenchuan088.png
wenchuan090.png,wenchuan090.png
wenchuan091.png,wenchuan091.png
wenchuan092.png,wenchuan092.png
wenchuan093.png,wenchuan093.png
wenchuan094.png,wenchuan094.png
wenchuan095.png,wenchuan095.png
wenchuan096.png,wenchuan096.png
wenchuan098.png,wenchuan098.png
wenchuan099.png,wenchuan099.png
wenchuan101.png,wenchuan101.png
wenchuan102.png,wenchuan102.png
wenchuan103.png,wenchuan103.png
wenchuan104.png,wenchuan104.png
wenchuan105.png,wenchuan105.png
wenchuan106.png,wenchuan106.png
wenchuan107.png,wenchuan107.png
wenchuan108.png,wenchuan108.png
wenchuan109.png,wenchuan109.png
wenchuan110.png,wenchuan110.png
wenchuan112.png,wenchuan112.png
wenchuan113.png,wenchuan113.png
wenchuan114.png,wenchuan114.png
wenchuan115.png,wenchuan115.png
wenchuan116.png,wenchuan116.png
wenchuan117.png,wenchuan117.png
wenchuan118.png,wenchuan118.png
wenchuan120.png,wenchuan120.png
wenchuan121.png,wenchuan121.png
wenchuan122.png,wenchuan122.png
wenchuan123.png,wenchuan123.png
wenchuan124.png,wenchuan124.png
wenchuan127.png,wenchuan127.png
wenchuan130.png,wenchuan130.png
wenchuan131.png,wenchuan131.png
wenchuan132.png,wenchuan132.png
wenchuan133.png,wenchuan133.png
wenchuan134.png,wenchuan134.png
wenchuan135.png,wenchuan135.png
wenchuan137.png,wenchuan137.png
wenchuan138.png,wenchuan138.png
wenchuan139.png,wenchuan139.png
wenchuan141.png,wenchuan141.png
wenchuan142.png,wenchuan142.png
wenchuan143.png,wenchuan143.png
wenchuan144.png,wenchuan144.png
wenchuan145.png,wenchuan145.png
wenchuan147.png,wenchuan147.png
wenchuan148.png,wenchuan148.png
wenchuan149.png,wenchuan149.png
wenchuan150.png,wenchuan150.png
wenchuan151.png,wenchuan151.png
wenchuan152.png,wenchuan152.png
wenchuan153.png,wenchuan153.png
wenchuan154.png,wenchuan154.png
wenchuan155.png,wenchuan155.png
wenchuan158.png,wenchuan158.png
wenchuan159.png,wenchuan159.png
wenchuan160.png,wenchuan160.png
wenchuan161.png,wenchuan161.png
wenchuan162.png,wenchuan162.png
wenchuan163.png,wenchuan163.png
wenchuan164.png,wenchuan164.png
wenchuan166.png,wenchuan166.png
wenchuan172.png,wenchuan172.png
